Id;R;Nome;Squadra;Pg;Mv;Mf;Gf;Gs;Rp;Rc;R+;R-;Ass;Asf;Amm;Esp;Au
4;P;SPORTIELLO;Frosinone;0;0;0;0;0;0;0;0;0;0;0;0;0;0
11;D;CONTI;Milan;0;0;0;0;0;0;0;0;0;0;0;0;0;0
15;D;MASIELLO A;Atalanta;0;0;0;0;0;0;0;0;0;0;0;0;0;0
20;C;CIGARINI;Cagliari;0;0;0;0;0;0;0;0;0;0;0;0;0;0
21;C;D'ALESSANDRO;Atalanta;0;0;0;0;0;0;0;0;0;0;0;0;0;0
22;C;DE ROON;Atalanta;0;0;0;0;0;0;0;0;0;0;0;0;0;0
26;A;GOMEZ A;Atalanta;0;0;0;0;0;0;0;0;0;0;0;0;0;0
27;C;GRASSI;Napoli;0;0;0;0;0;0;0;0;0;0;0;0;0;0
28;C;KURTIC;SPAL;0;0;0;0;0;0;0;0;0;0;0;0;0;0
40;P;DA COSTA;Bologna;0;0;0;0;0;0;0;0;0;0;0;0;0;0
41;P;MIRANTE;Roma;0;0;0;0;0;0;0;0;0;0;0;0;0;0
45;D;FERRARI A;Sampdoria;0;0;0;0;0;0;0;0;0;0;0;0;0;0
48;D;MAIETTA;Empoli;0;0;0;0;0;0;0;0;0;0;0;0;0;0
50;D;MBAYE;Bologna;0;0;0;0;0;0;0;0;0;0;0;0;0;0
54;D;ROSSETTINI;Genoa;0;0;0;0;0;0;0;0;0;0;0;0;0;0
56;C;BRIGHI;Empoli;0;0;0;0;0;0;0;0;0;0;0;0;0;0
57;C;CRISETIG;Frosinone;0;0;0;0;0;0;0;0;0;0;0;0;0;0
58;C;DIAWARA;Napoli;0;0;0;0;0;0;0;0;0;0;0;0;0;0
60;C;RIZZO;Bologna;0;0;0;0;0;0;0;0;0;0;0;0;0;0
73;D;GAGLIOLO;Parma;0;0;0;0;0;0;0;0;0;0;0;0;0;0
76;D;ROMAGNOLI S;Empoli;0;0;0;0;0;0;0;0;0;0;0;0;0;0
78;D;SPOLLI;Genoa;0;0;0;0;0;0;0;0;0;0;0;0;0;0
81;C;DI GAUDIO;Parma;0;0;0;0;0;0;0;0;0;0;0;0;0;0
83;C;LOLLO;Empoli;0;0;0;0;0;0;0;0;0;0;0;0;0;0
90;A;LASAGNA;Udinese;0;0;0;0;0;0;0;0;0;0;0;0;0;0
97;P;SECULIN;Chievo;0;0;0;0;0;0;0;0;0;0;0;0;0;0
99;D;CACCIATORE;Chievo;0;0;0;0;0;0;0;0;0;0;0;0;0;0
105;D;GOBBI;Parma;0;0;0;0;0;0;0;0;0;0;0;0;0;0
106;D;MATTIELLO;Bologna;0;0;0;0;0;0;0;0;0;0;0;0;0;0
111;C;BIRSA;Chievo;0;0;0;0;0;0;0;0;0;0;0;0;0;0
112;C;CASTRO;Cagliari;0;0;0;0;0;0;0;0;0;0;0;0;0;0
115;C;HETEMAJ;Chievo;0;0;0;0;0;0;0;0;0;0;0;0;0;0
118;C;RADOVANOVIC;Chievo;0;0;0;0;0;0;0;0;0;0;0;0;0;0
119;C;RIGONI N;Chievo;0;0;0;0;0;0;0;0;0;0;0;0;0;0
123;A;INGLESE;Napoli;0;0;0;0;0;0;0;0;0;0;0;0;0;0
124;A;MEGGIORINI;Chievo;0;0;0;0;0;0;0;0;0;0;0;0;0;0
126;A;PALOSCHI;SPAL;0;0;0;0;0;0;0;0;0;0;0;0;0;0
127;A;PELLISSIER;Chievo;0;0;0;0;0;0;0;0;0;0;0;0;0;0
133;P;SKORUPSKI;Bologna;0;0;0;0;0;0;0;0;0;0;0;0;0;0
140;D;HYSAJ;Napoli;0;0;0;0;0;0;0;0;0;0;0;0;0;0
141;D;LAURINI;Fiorentina;0;0;0;0;0;0;0;0;0;0;0;0;0;0
142;D;MARIO RUI;Napoli;0;0;0;0;0;0;0;0;0;0;0;0;0;0
144;D;TONELLI;Napoli;0;0;0;0;0;0;0;0;0;0;0;0;0;0
148;C;KRUNIC;Empoli;0;0;0;0;0;0;0;0;0;0;0;0;0;0
150;C;SAPONARA;Fiorentina;0;0;0;0;0;0;0;0;0;0;0;0;0;0
152;C;ZIELINSKI;Napoli;0;0;0;0;0;0;0;0;0;0;0;0;0;0
154;A;MCHEDLIDZE;Empoli;0;0;0;0;0;0;0;0;0;0;0;0;0;0
156;A;PUCCIARELLI;Chievo;0;0;0;0;0;0;0;0;0;0;0;0;0;0
159;P;SEPE;Parma;0;0;0;0;0;0;0;0;0;0;0;0;0;0
166;D;PASQUAL;Empoli;0;0;0;0;0;0;0;0;0;0;0;0;0;0
169;D;TOMOVIC;Chievo;0;0;0;0;0;0;0;0;0;0;0;0;0;0
170;C;BADELJ;Lazio;0;0;0;0;0;0;0;0;0;0;0;0;0;0
172;C;BORJA VALERO;Inter;0;0;0;0;0;0;0;0;0;0;0;0;0;0
173;C;CAPEZZI;Sampdoria;0;0;0;0;0;0;0;0;0;0;0;0;0;0
177;C;ILICIC;Atalanta;0;0;0;0;0;0;0;0;0;0;0;0;0;0
181;C;VECINO;Inter;0;0;0;0;0;0;0;0;0;0;0;0;0;0
183;A;BABACAR;Sassuolo;0;0;0;0;0;0;0;0;0;0;0;0;0;0
184;C;BERNARDESCHI;Juventus;0;0;0;0;0;0;0;0;0;0;0;0;0;0
194;D;CIOFANI M;Frosinone;0;0;0;0;0;0;0;0;0;0;0;0;0;0
202;C;CHIBSAH;Frosinone;0;0;0;0;0;0;0;0;0;0;0;0;0;0
205;C;GORI;Frosinone;0;0;0;0;0;0;0;0;0;0;0;0;0;0
207;C;PAGANINI;Frosinone;0;0;0;0;0;0;0;0;0;0;0;0;0;0
210;C;SODDIMO;Frosinone;0;0;0;0;0;0;0;0;0;0;0;0;0;0
212;A;CIOFANI D;Frosinone;0;0;0;0;0;0;0;0;0;0;0;0;0;0
213;A;DIONISI;Frosinone;0;0;0;0;0;0;0;0;0;0;0;0;0;0
215;A;VERDE;Roma;0;0;0;0;0;0;0;0;0;0;0;0;0;0
216;P;DONNARUMMA A;Milan;0;0;0;0;0;0;0;0;0;0;0;0;0;0
218;P;PERIN;Juventus;0;0;0;0;0;0;0;0;0;0;0;0;0;0
224;D;DE MAIO;Bologna;0;0;0;0;0;0;0;0;0;0;0;0;0;0
226;D;IZZO;Torino;0;0;0;0;0;0;0;0;0;0;0;0;0;0
235;C;LAXALT;Genoa;0;0;0;0;0;0;0;0;0;0;0;0;0;0
236;C;LAZOVIC;Genoa;0;0;0;0;0;0;0;0;0;0;0;0;0;0
237;C;PEROTTI;Roma;0;0;0;0;0;0;0;0;0;0;0;0;0;0
238;C;RINCON;Torino;0;0;0;0;0;0;0;0;0;0;0;0;0;0
244;D;GHIGLIONE;Frosinone;0;0;0;0;0;0;0;0;0;0;0;0;0;0
245;A;PANDEV;Genoa;0;0;0;0;0;0;0;0;0;0;0;0;0;0
247;A;PAVOLETTI;Cagliari;0;0;0;0;0;0;0;0;0;0;0;0;0;0
248;P;BERNI;Inter;0;0;0;0;0;0;0;0;0;0;0;0;0;0
250;P;HANDANOVIC;Inter;0;0;0;0;0;0;0;0;0;0;0;0;0;0
251;D;ANDREOLLI;Cagliari;0;0;0;0;0;0;0;0;0;0;0;0;0;0
252;D;BIRAGHI;Fiorentina;0;0;0;0;0;0;0;0;0;0;0;0;0;0
253;D;D'AMBROSIO;Inter;0;0;0;0;0;0;0;0;0;0;0;0;0;0
254;D;DIMARCO;Parma;0;0;0;0;0;0;0;0;0;0;0;0;0;0
256;D;JUAN JESUS;Roma;0;0;0;0;0;0;0;0;0;0;0;0;0;0
257;D;MIRANDA;Inter;0;0;0;0;0;0;0;0;0;0;0;0;0;0
261;D;RANOCCHIA;Inter;0;0;0;0;0;0;0;0;0;0;0;0;0;0
262;D;SANTON;Roma;0;0;0;0;0;0;0;0;0;0;0;0;0;0
264;C;BESSA;Genoa;0;0;0;0;0;0;0;0;0;0;0;0;0;0
265;C;BROZOVIC;Inter;0;0;0;0;0;0;0;0;0;0;0;0;0;0
276;C;BIABIANY;Inter;0;0;0;0;0;0;0;0;0;0;0;0;0;0
277;A;ICARDI;Inter;0;0;0;0;0;0;0;0;0;0;0;0;0;0
280;A;PALACIO;Bologna;0;0;0;0;0;0;0;0;0;0;0;0;0;0
285;D;BARZAGLI;Juventus;0;0;0;0;0;0;0;0;0;0;0;0;0;0
286;D;BONUCCI;Milan;0;0;0;0;0;0;0;0;0;0;0;0;0;0
287;D;CACERES;Lazio;0;0;0;0;0;0;0;0;0;0;0;0;0;0
288;D;CHIELLINI;Juventus;0;0;0;0;0;0;0;0;0;0;0;0;0;0
294;D;RUGANI;Juventus;0;0;0;0;0;0;0;0;0;0;0;0;0;0
295;D;ASAMOAH;Inter;0;0;0;0;0;0;0;0;0;0;0;0;0;0
297;C;BUCHEL;Empoli;0;0;0;0;0;0;0;0;0;0;0;0;0;0
299;C;KHEDIRA;Juventus;0;0;0;0;0;0;0;0;0;0;0;0;0;0
300;C;MARCHISIO;Juventus;0;0;0;0;0;0;0;0;0;0;0;0;0;0
301;C;PADOIN;Cagliari;0;0;0;0;0;0;0;0;0;0;0;0;0;0
305;C;STURARO;Juventus;0;0;0;0;0;0;0;0;0;0;0;0;0;0
306;A;CERRI;Cagliari;0;0;0;0;0;0;0;0;0;0;0;0;0;0
309;A;DYBALA;Juventus;0;0;0;0;0;0;0;0;0;0;0;0;0;0
312;A;MANDZUKIC;Juventus;0;0;0;0;0;0;0;0;0;0;0;0;0;0
316;P;BERISHA E;Atalanta;0;0;0;0;0;0;0;0;0;0;0;0;0;0
317;P;GUERRIERI;Lazio;0;0;0;0;0;0;0;0;0;0;0;0;0;0
318;P;MARCHETTI;Genoa;0;0;0;0;0;0;0;0;0;0;0;0;0;0
319;D;BASTA;Lazio;0;0;0;0;0;0;0;0;0;0;0;0;0;0
322;D;DE VRIJ;Inter;0;0;0;0;0;0;0;0;0;0;0;0;0;0
327;D;PATRIC;Lazio;0;0;0;0;0;0;0;0;0;0;0;0;0;0
329;D;RADU;Lazio;0;0;0;0;0;0;0;0;0;0;0;0;0;0
331;C;BIGLIA;Milan;0;0;0;0;0;0;0;0;0;0;0;0;0;0
332;C;CANDREVA;Inter;0;0;0;0;0;0;0;0;0;0;0;0;0;0
333;C;CATALDI;Lazio;0;0;0;0;0;0;0;0;0;0;0;0;0;0
334;C;CRECCO;Lazio;0;0;0;0;0;0;0;0;0;0;0;0;0;0
338;C;LULIC;Lazio;0;0;0;0;0;0;0;0;0;0;0;0;0;0
342;C;PAROLO;Lazio;0;0;0;0;0;0;0;0;0;0;0;0;0;0
344;A;DJORDJEVIC;Chievo;0;0;0;0;0;0;0;0;0;0;0;0;0;0
350;P;DONNARUMMA G;Milan;0;0;0;0;0;0;0;0;0;0;0;0;0;0
353;D;ABATE;Milan;0;0;0;0;0;0;0;0;0;0;0;0;0;0
356;D;ANTONELLI;Milan;0;0;0;0;0;0;0;0;0;0;0;0;0;0
357;D;CALABRIA;Milan;0;0;0;0;0;0;0;0;0;0;0;0;0;0
358;D;DE SCIGLIO;Juventus;0;0;0;0;0;0;0;0;0;0;0;0;0;0
362;D;SIMIC S;Milan;0;0;0;0;0;0;0;0;0;0;0;0;0;0
365;D;ZAPATA C;Milan;0;0;0;0;0;0;0;0;0;0;0;0;0;0
366;C;BERTOLACCI;Milan;0;0;0;0;0;0;0;0;0;0;0;0;0;0
367;C;BONAVENTURA;Milan;0;0;0;0;0;0;0;0;0;0;0;0;0;0
371;C;MAURI J;Milan;0;0;0;0;0;0;0;0;0;0;0;0;0;0
372;C;MONTOLIVO;Milan;0;0;0;0;0;0;0;0;0;0;0;0;0;0
374;C;POLI;Bologna;0;0;0;0;0;0;0;0;0;0;0;0;0;0
375;A;SUSO;Milan;0;0;0;0;0;0;0;0;0;0;0;0;0;0
376;C;VERDI;Napoli;0;0;0;0;0;0;0;0;0;0;0;0;0;0
380;A;MATRI;Sassuolo;0;0;0;0;0;0;0;0;0;0;0;0;0;0
382;A;NIANG;Torino;0;0;0;0;0;0;0;0;0;0;0;0;0;0
383;A;PETAGNA;SPAL;0;0;0;0;0;0;0;0;0;0;0;0;0;0
385;P;GABRIEL;Milan;0;0;0;0;0;0;0;0;0;0;0;0;0;0
386;P;RAFAEL CABRAL;Sampdoria;0;0;0;0;0;0;0;0;0;0;0;0;0;0
387;P;REINA;Milan;0;0;0;0;0;0;0;0;0;0;0;0;0;0
388;D;ALBIOL;Napoli;0;0;0;0;0;0;0;0;0;0;0;0;0;0
390;D;GHOULAM;Napoli;0;0;0;0;0;0;0;0;0;0;0;0;0;0
392;D;KOULIBALY;Napoli;0;0;0;0;0;0;0;0;0;0;0;0;0;0
393;D;LUPERTO;Napoli;0;0;0;0;0;0;0;0;0;0;0;0;0;0
395;D;STRINIC;Milan;0;0;0;0;0;0;0;0;0;0;0;0;0;0
397;C;ALLAN;Napoli;0;0;0;0;0;0;0;0;0;0;0;0;0;0
400;C;DEZI;Parma;0;0;0;0;0;0;0;0;0;0;0;0;0;0
402;C;HAMSIK;Napoli;0;0;0;0;0;0;0;0;0;0;0;0;0;0
405;C;VALDIFIORI;Torino;0;0;0;0;0;0;0;0;0;0;0;0;0;0
406;A;CALLEJON;Napoli;0;0;0;0;0;0;0;0;0;0;0;0;0;0
408;A;HIGUAIN;Juventus;0;0;0;0;0;0;0;0;0;0;0;0;0;0
409;A;INSIGNE;Napoli;0;0;0;0;0;0;0;0;0;0;0;0;0;0
410;A;MERTENS;Napoli;0;0;0;0;0;0;0;0;0;0;0;0;0;0
413;P;SORRENTINO;Chievo;0;0;0;0;0;0;0;0;0;0;0;0;0;0
418;D;GOLDANIGA;Frosinone;0;0;0;0;0;0;0;0;0;0;0;0;0;0
419;D;GONZALEZ G;Bologna;0;0;0;0;0;0;0;0;0;0;0;0;0;0
433;C;HILJEMARK;Genoa;0;0;0;0;0;0;0;0;0;0;0;0;0;0
438;C;RIGONI L;Parma;0;0;0;0;0;0;0;0;0;0;0;0;0;0
441;A;BELOTTI;Torino;0;0;0;0;0;0;0;0;0;0;0;0;0;0
447;A;LA GUMINA;Empoli;0;0;0;0;0;0;0;0;0;0;0;0;0;0
453;P;SZCZESNY;Juventus;0;0;0;0;0;0;0;0;0;0;0;0;0;0
459;D;MANOLAS;Roma;0;0;0;0;0;0;0;0;0;0;0;0;0;0
460;D;ROMAGNOLI A;Milan;0;0;0;0;0;0;0;0;0;0;0;0;0;0
463;C;DE ROSSI;Roma;0;0;0;0;0;0;0;0;0;0;0;0;0;0
464;D;FLORENZI;Roma;0;0;0;0;0;0;0;0;0;0;0;0;0;0
467;C;NAINGGOLAN;Inter;0;0;0;0;0;0;0;0;0;0;0;0;0;0
469;C;PJANIC;Juventus;0;0;0;0;0;0;0;0;0;0;0;0;0;0
470;C;STROOTMAN;Roma;0;0;0;0;0;0;0;0;0;0;0;0;0;0
472;A;DESTRO;Bologna;0;0;0;0;0;0;0;0;0;0;0;0;0;0
475;A;IAGO FALQUE;Torino;0;0;0;0;0;0;0;0;0;0;0;0;0;0
478;A;LJAJIC;Torino;0;0;0;0;0;0;0;0;0;0;0;0;0;0
487;D;DE SILVESTRI;Torino;0;0;0;0;0;0;0;0;0;0;0;0;0;0
490;D;REGINI;Sampdoria;0;0;0;0;0;0;0;0;0;0;0;0;0;0
491;D;SALAMON;SPAL;0;0;0;0;0;0;0;0;0;0;0;0;0;0
492;D;SILVESTRE;Sampdoria;0;0;0;0;0;0;0;0;0;0;0;0;0;0
493;D;ZUKANOVIC;Genoa;0;0;0;0;0;0;0;0;0;0;0;0;0;0
494;C;BARRETO;Sampdoria;0;0;0;0;0;0;0;0;0;0;0;0;0;0
495;C;CORREA;Lazio;0;0;0;0;0;0;0;0;0;0;0;0;0;0
509;P;CONSIGLI;Sassuolo;0;0;0;0;0;0;0;0;0;0;0;0;0;0
510;P;PEGOLO;Sassuolo;0;0;0;0;0;0;0;0;0;0;0;0;0;0
513;D;ACERBI;Lazio;0;0;0;0;0;0;0;0;0;0;0;0;0;0
515;D;ARIAUDO;Frosinone;0;0;0;0;0;0;0;0;0;0;0;0;0;0
517;D;DELL'ORCO;Sassuolo;0;0;0;0;0;0;0;0;0;0;0;0;0;0
519;D;GAZZOLA;Parma;0;0;0;0;0;0;0;0;0;0;0;0;0;0
521;D;PELUSO;Sassuolo;0;0;0;0;0;0;0;0;0;0;0;0;0;0
522;D;TERRANOVA;Frosinone;0;0;0;0;0;0;0;0;0;0;0;0;0;0
523;D;VRSALJKO;Inter;0;0;0;0;0;0;0;0;0;0;0;0;0;0
526;C;DUNCAN;Sassuolo;0;0;0;0;0;0;0;0;0;0;0;0;0;0
528;C;MAGNANELLI;Sassuolo;0;0;0;0;0;0;0;0;0;0;0;0;0;0
529;C;MISSIROLI;Sassuolo;0;0;0;0;0;0;0;0;0;0;0;0;0;0
530;C;PELLEGRINI LO;Roma;0;0;0;0;0;0;0;0;0;0;0;0;0;0
531;A;BERARDI;Sassuolo;0;0;0;0;0;0;0;0;0;0;0;0;0;0
532;A;FALCINELLI;Bologna;0;0;0;0;0;0;0;0;0;0;0;0;0;0
533;A;FLOCCARI;SPAL;0;0;0;0;0;0;0;0;0;0;0;0;0;0
536;A;POLITANO;Inter;0;0;0;0;0;0;0;0;0;0;0;0;0;0
540;P;GOMIS A;SPAL;0;0;0;0;0;0;0;0;0;0;0;0;0;0
542;P;ICHAZO;Torino;0;0;0;0;0;0;0;0;0;0;0;0;0;0
543;P;PADELLI;Inter;0;0;0;0;0;0;0;0;0;0;0;0;0;0
550;D;MAKSIMOVIC;Napoli;0;0;0;0;0;0;0;0;0;0;0;0;0;0
551;D;MOLINARO;Frosinone;0;0;0;0;0;0;0;0;0;0;0;0;0;0
552;D;MORETTI;Torino;0;0;0;0;0;0;0;0;0;0;0;0;0;0
555;C;ACQUAH;Torino;0;0;0;0;0;0;0;0;0;0;0;0;0;0
556;C;BASELLI;Torino;0;0;0;0;0;0;0;0;0;0;0;0;0;0
557;C;BENASSI;Fiorentina;0;0;0;0;0;0;0;0;0;0;0;0;0;0
560;C;OBI;Torino;0;0;0;0;0;0;0;0;0;0;0;0;0;0
568;A;QUAGLIARELLA;Sampdoria;0;0;0;0;0;0;0;0;0;0;0;0;0;0
570;P;KARNEZIS;Napoli;0;0;0;0;0;0;0;0;0;0;0;0;0;0
572;P;MERET;Napoli;0;0;0;0;0;0;0;0;0;0;0;0;0;0
574;P;SCUFFET;Udinese;0;0;0;0;0;0;0;0;0;0;0;0;0;0
575;D;ADNAN;Udinese;0;0;0;0;0;0;0;0;0;0;0;0;0;0
578;D;DANILO;Udinese;0;0;0;0;0;0;0;0;0;0;0;0;0;0
583;D;HEURTAUX;Udinese;0;0;0;0;0;0;0;0;0;0;0;0;0;0
587;D;WAGUE;Udinese;0;0;0;0;0;0;0;0;0;0;0;0;0;0
589;C;BADU;Udinese;0;0;0;0;0;0;0;0;0;0;0;0;0;0
599;C;PONTISSO;Udinese;0;0;0;0;0;0;0;0;0;0;0;0;0;0
600;C;VERRE;Sampdoria;0;0;0;0;0;0;0;0;0;0;0;0;0;0
605;A;PERICA;Frosinone;0;0;0;0;0;0;0;0;0;0;0;0;0;0
606;A;THEREAU;Fiorentina;0;0;0;0;0;0;0;0;0;0;0;0;0;0
608;A;ZAPATA D;Atalanta;0;0;0;0;0;0;0;0;0;0;0;0;0;0
610;P;GOLLINI;Atalanta;0;0;0;0;0;0;0;0;0;0;0;0;0;0
611;P;RAFAEL;Cagliari;0;0;0;0;0;0;0;0;0;0;0;0;0;0
615;D;HELANDER;Bologna;0;0;0;0;0;0;0;0;0;0;0;0;0;0
621;C;ROMULO;Genoa;0;0;0;0;0;0;0;0;0;0;0;0;0;0
626;C;HALLFREDSSON;Frosinone;0;0;0;0;0;0;0;0;0;0;0;0;0;0
627;C;IONITA;Cagliari;0;0;0;0;0;0;0;0;0;0;0;0;0;0
630;D;SALA;Sampdoria;0;0;0;0;0;0;0;0;0;0;0;0;0;0
631;C;VIVIANI;SPAL;0;0;0;0;0;0;0;0;0;0;0;0;0;0
633;C;FARES;SPAL;0;0;0;0;0;0;0;0;0;0;0;0;0;0
637;A;SILIGARDI;Parma;0;0;0;0;0;0;0;0;0;0;0;0;0;0
640;D;CHIRICHES;Napoli;0;0;0;0;0;0;0;0;0;0;0;0;0;0
643;A;DEFREL;Sampdoria;0;0;0;0;0;0;0;0;0;0;0;0;0;0
644;C;PULGAR;Bologna;0;0;0;0;0;0;0;0;0;0;0;0;0;0
645;C;MILINKOVIC-SAVIC;Lazio;0;0;0;0;0;0;0;0;0;0;0;0;0;0
647;A;DZEKO;Roma;0;0;0;0;0;0;0;0;0;0;0;0;0;0
651;C;MAIELLO;Frosinone;0;0;0;0;0;0;0;0;0;0;0;0;0;0
652;A;KALINIC;Milan;0;0;0;0;0;0;0;0;0;0;0;0;0;0
662;D;ALEX SANDRO;Juventus;0;0;0;0;0;0;0;0;0;0;0;0;0;0
663;D;KRAFTH;Bologna;0;0;0;0;0;0;0;0;0;0;0;0;0;0
669;C;DONSAH;Bologna;0;0;0;0;0;0;0;0;0;0;0;0;0;0
695;D;TOLOI;Atalanta;0;0;0;0;0;0;0;0;0;0;0;0;0;0
697;C;CUADRADO;Juventus;0;0;0;0;0;0;0;0;0;0;0;0;0;0
702;C;GIACCHERINI;Chievo;0;0;0;0;0;0;0;0;0;0;0;0;0;0
704;C;PERISIC;Inter;0;0;0;0;0;0;0;0;0;0;0;0;0;0
706;D;ANSALDI;Torino;0;0;0;0;0;0;0;0;0;0;0;0;0;0
708;D;FELIPE;SPAL;0;0;0;0;0;0;0;0;0;0;0;0;0;0
713;C;DZEMAILI;Bologna;0;0;0;0;0;0;0;0;0;0;0;0;0;0
718;A;RODRIGUEZ A;Empoli;0;0;0;0;0;0;0;0;0;0;0;0;0;0
720;P;BELEC;Sampdoria;0;0;0;0;0;0;0;0;0;0;0;0;0;0
726;C;VITALE;SPAL;0;0;0;0;0;0;0;0;0;0;0;0;0;0
729;D;PEREIRA P;Genoa;0;0;0;0;0;0;0;0;0;0;0;0;0;0
761;P;AUDERO;Sampdoria;0;0;0;0;0;0;0;0;0;0;0;0;0;0
765;D;AJETI;Torino;0;0;0;0;0;0;0;0;0;0;0;0;0;0
770;D;PEZZELLA GIU;Udinese;0;0;0;0;0;0;0;0;0;0;0;0;0;0
771;C;BOATENG;Sassuolo;0;0;0;0;0;0;0;0;0;0;0;0;0;0
778;A;TUMMINELLO;Atalanta;0;0;0;0;0;0;0;0;0;0;0;0;0;0
779;C;CRISTANTE;Roma;0;0;0;0;0;0;0;0;0;0;0;0;0;0
780;D;CIONEK;SPAL;0;0;0;0;0;0;0;0;0;0;0;0;0;0
785;A;IMMOBILE;Lazio;0;0;0;0;0;0;0;0;0;0;0;0;0;0
787;D;DJIMSITI;Atalanta;0;0;0;0;0;0;0;0;0;0;0;0;0;0
788;C;FREULER;Atalanta;0;0;0;0;0;0;0;0;0;0;0;0;0;0
789;A;TROTTA;Sassuolo;0;0;0;0;0;0;0;0;0;0;0;0;0;0
790;D;SAMIR;Udinese;0;0;0;0;0;0;0;0;0;0;0;0;0;0
795;A;EL SHAARAWY;Roma;0;0;0;0;0;0;0;0;0;0;0;0;0;0
798;D;SKRINIAR;Inter;0;0;0;0;0;0;0;0;0;0;0;0;0;0
799;P;BARDI;Frosinone;0;0;0;0;0;0;0;0;0;0;0;0;0;0
801;C;GAGLIARDINI;Inter;0;0;0;0;0;0;0;0;0;0;0;0;0;0
809;C;NINKOVIC;Genoa;0;0;0;0;0;0;0;0;0;0;0;0;0;0
813;C;BALIC;Udinese;0;0;0;0;0;0;0;0;0;0;0;0;0;0
817;D;COSTA F;SPAL;0;0;0;0;0;0;0;0;0;0;0;0;0;0
819;A;FAVILLI;Juventus;0;0;0;0;0;0;0;0;0;0;0;0;0;0
824;D;ADJAPONG;Sassuolo;0;0;0;0;0;0;0;0;0;0;0;0;0;0
827;C;LOCATELLI M;Milan;0;0;0;0;0;0;0;0;0;0;0;0;0;0
1839;A;EDERA;Torino;0;0;0;0;0;0;0;0;0;0;0;0;0;0
1843;P;RADU I;Genoa;0;0;0;0;0;0;0;0;0;0;0;0;0;0
1847;D;CALDARA;Juventus;0;0;0;0;0;0;0;0;0;0;0;0;0;0
1850;C;KESSIE';Milan;0;0;0;0;0;0;0;0;0;0;0;0;0;0
1852;D;SPINAZZOLA;Juventus;0;0;0;0;0;0;0;0;0;0;0;0;0;0
1857;A;DI FRANCESCO F;Sassuolo;0;0;0;0;0;0;0;0;0;0;0;0;0;0
1858;C;KREJCI;Bologna;0;0;0;0;0;0;0;0;0;0;0;0;0;0
1859;C;NAGY;Bologna;0;0;0;0;0;0;0;0;0;0;0;0;0;0
1864;D;BRUNO ALVES;Parma;0;0;0;0;0;0;0;0;0;0;0;0;0;0
1865;D;CAPUANO;Cagliari;0;0;0;0;0;0;0;0;0;0;0;0;0;0
1866;D;CEPPITELLI;Cagliari;0;0;0;0;0;0;0;0;0;0;0;0;0;0
1867;D;KRAJNC;Frosinone;0;0;0;0;0;0;0;0;0;0;0;0;0;0
1868;D;MURRU;Sampdoria;0;0;0;0;0;0;0;0;0;0;0;0;0;0
1869;D;PISACANE;Cagliari;0;0;0;0;0;0;0;0;0;0;0;0;0;0
1870;C;BARELLA;Cagliari;0;0;0;0;0;0;0;0;0;0;0;0;0;0
1871;C;DEIOLA;Cagliari;0;0;0;0;0;0;0;0;0;0;0;0;0;0
1872;C;DESSENA;Cagliari;0;0;0;0;0;0;0;0;0;0;0;0;0;0
1873;C;DI GENNARO D;Lazio;0;0;0;0;0;0;0;0;0;0;0;0;0;0
1874;C;JOAO PEDRO;Cagliari;0;0;0;0;0;0;0;0;0;0;0;0;0;0
1875;C;MUNARI;Parma;0;0;0;0;0;0;0;0;0;0;0;0;0;0
1876;D;PAJAC;Cagliari;0;0;0;0;0;0;0;0;0;0;0;0;0;0
1879;A;FARIAS;Cagliari;0;0;0;0;0;0;0;0;0;0;0;0;0;0
1882;A;SAU;Cagliari;0;0;0;0;0;0;0;0;0;0;0;0;0;0
1891;D;CECCHERINI;Fiorentina;0;0;0;0;0;0;0;0;0;0;0;0;0;0
1895;D;FERRARI G;Sassuolo;0;0;0;0;0;0;0;0;0;0;0;0;0;0
1917;P;DRAGOWSKI;Fiorentina;0;0;0;0;0;0;0;0;0;0;0;0;0;0
1918;D;DIKS;Fiorentina;0;0;0;0;0;0;0;0;0;0;0;0;0;0
1930;P;PINSOGLIO;Juventus;0;0;0;0;0;0;0;0;0;0;0;0;0;0
1931;D;BENATIA;Juventus;0;0;0;0;0;0;0;0;0;0;0;0;0;0
1933;C;MANDRAGORA;Udinese;0;0;0;0;0;0;0;0;0;0;0;0;0;0
1934;P;STRAKOSHA;Lazio;0;0;0;0;0;0;0;0;0;0;0;0;0;0
1935;P;VARGIC;Lazio;0;0;0;0;0;0;0;0;0;0;0;0;0;0
1936;C;MINALA;Lazio;0;0;0;0;0;0;0;0;0;0;0;0;0;0
1939;A;LAPADULA;Genoa;0;0;0;0;0;0;0;0;0;0;0;0;0;0
1941;P;FULIGNATI;Empoli;0;0;0;0;0;0;0;0;0;0;0;0;0;0
1946;P;ARESTI;Cagliari;0;0;0;0;0;0;0;0;0;0;0;0;0;0
1958;A;CAPRARI;Sampdoria;0;0;0;0;0;0;0;0;0;0;0;0;0;0
1967;C;GERSON;Fiorentina;0;0;0;0;0;0;0;0;0;0;0;0;0;0
1970;P;TOZZO;Sampdoria;0;0;0;0;0;0;0;0;0;0;0;0;0;0
1974;A;SCHICK;Roma;0;0;0;0;0;0;0;0;0;0;0;0;0;0
1976;C;MAZZITELLI;Genoa;0;0;0;0;0;0;0;0;0;0;0;0;0;0
1978;C;SENSI;Sassuolo;0;0;0;0;0;0;0;0;0;0;0;0;0;0
1982;A;PARIGINI;Torino;0;0;0;0;0;0;0;0;0;0;0;0;0;0
1984;D;ANGELLA;Udinese;0;0;0;0;0;0;0;0;0;0;0;0;0;0
1986;C;FOFANA;Udinese;0;0;0;0;0;0;0;0;0;0;0;0;0;0
1987;C;JANKTO;Sampdoria;0;0;0;0;0;0;0;0;0;0;0;0;0;0
1988;A;EWANDRO;Udinese;0;0;0;0;0;0;0;0;0;0;0;0;0;0
1995;C;DJURICIC;Sassuolo;0;0;0;0;0;0;0;0;0;0;0;0;0;0
1996;C;DE PAUL;Udinese;0;0;0;0;0;0;0;0;0;0;0;0;0;0
1998;A;PJACA;Juventus;0;0;0;0;0;0;0;0;0;0;0;0;0;0
1999;D;LUKAKU J;Lazio;0;0;0;0;0;0;0;0;0;0;0;0;0;0
2002;C;CHIESA;Fiorentina;0;0;0;0;0;0;0;0;0;0;0;0;0;0
2003;C;MURGIA;Lazio;0;0;0;0;0;0;0;0;0;0;0;0;0;0
2006;D;LIROLA;Sassuolo;0;0;0;0;0;0;0;0;0;0;0;0;0;0
2007;D;WALLACE;Lazio;0;0;0;0;0;0;0;0;0;0;0;0;0;0
2008;C;LINETTY;Sampdoria;0;0;0;0;0;0;0;0;0;0;0;0;0;0
2009;C;LUKIC;Torino;0;0;0;0;0;0;0;0;0;0;0;0;0;0
2012;A;MILIK;Napoli;0;0;0;0;0;0;0;0;0;0;0;0;0;0
2013;A;RICCI;Sassuolo;0;0;0;0;0;0;0;0;0;0;0;0;0;0
2015;D;LETSCHERT;Sassuolo;0;0;0;0;0;0;0;0;0;0;0;0;0;0
2016;D;FAZIO;Roma;0;0;0;0;0;0;0;0;0;0;0;0;0;0
2038;A;PINAMONTI;Inter;0;0;0;0;0;0;0;0;0;0;0;0;0;0
2040;A;LOMBARDI;Lazio;0;0;0;0;0;0;0;0;0;0;0;0;0;0
2052;D;GOMEZ G;Milan;0;0;0;0;0;0;0;0;0;0;0;0;0;0
2058;C;SANCHEZ C;Fiorentina;0;0;0;0;0;0;0;0;0;0;0;0;0;0
2061;A;SIMEONE;Fiorentina;0;0;0;0;0;0;0;0;0;0;0;0;0;0
2062;D;BASTOS;Lazio;0;0;0;0;0;0;0;0;0;0;0;0;0;0
2064;D;VESELI;Empoli;0;0;0;0;0;0;0;0;0;0;0;0;0;0
2065;C;PRAET;Sampdoria;0;0;0;0;0;0;0;0;0;0;0;0;0;0
2073;A;RAGUSA;Sassuolo;0;0;0;0;0;0;0;0;0;0;0;0;0;0
2075;C;CRISTOFORO;Fiorentina;0;0;0;0;0;0;0;0;0;0;0;0;0;0
2076;C;ROG;Napoli;0;0;0;0;0;0;0;0;0;0;0;0;0;0
2077;C;PASALIC;Atalanta;0;0;0;0;0;0;0;0;0;0;0;0;0;0
2083;D;BIRASCHI;Genoa;0;0;0;0;0;0;0;0;0;0;0;0;0;0
2085;C;LUIS ALBERTO;Lazio;0;0;0;0;0;0;0;0;0;0;0;0;0;0
2087;D;OLIVERA M;Fiorentina;0;0;0;0;0;0;0;0;0;0;0;0;0;0
2091;P;PLIZZARI;Milan;0;0;0;0;0;0;0;0;0;0;0;0;0;0
2097;A;KEAN;Juventus;0;0;0;0;0;0;0;0;0;0;0;0;0;0
2100;A;OKWONKWO;Bologna;0;0;0;0;0;0;0;0;0;0;0;0;0;0
2104;D;BERESZYNSKI;Sampdoria;0;0;0;0;0;0;0;0;0;0;0;0;0;0
2105;C;BEGHETTO;Frosinone;0;0;0;0;0;0;0;0;0;0;0;0;0;0
2107;C;KIYINE;Chievo;0;0;0;0;0;0;0;0;0;0;0;0;0;0
2114;A;PETKOVIC;Bologna;0;0;0;0;0;0;0;0;0;0;0;0;0;0
2116;D;FARAGO';Cagliari;0;0;0;0;0;0;0;0;0;0;0;0;0;0
2120;D;BASTONI;Inter;0;0;0;0;0;0;0;0;0;0;0;0;0;0
2121;C;MELEGONI;Atalanta;0;0;0;0;0;0;0;0;0;0;0;0;0;0
2124;C;ZAJC;Empoli;0;0;0;0;0;0;0;0;0;0;0;0;0;0
2127;P;SATALINO;Sassuolo;0;0;0;0;0;0;0;0;0;0;0;0;0;0
2129;D;SIMIC L;Sampdoria;0;0;0;0;0;0;0;0;0;0;0;0;0;0
2130;D;HATEBOER;Atalanta;0;0;0;0;0;0;0;0;0;0;0;0;0;0
2133;C;VALENCIA JM;Bologna;0;0;0;0;0;0;0;0;0;0;0;0;0;0
2134;P;FALCONE;Sampdoria;0;0;0;0;0;0;0;0;0;0;0;0;0;0
2137;A;SCAMACCA;Sassuolo;0;0;0;0;0;0;0;0;0;0;0;0;0;0
2141;C;DEPAOLI;Chievo;0;0;0;0;0;0;0;0;0;0;0;0;0;0
2144;C;COULIBALY;Udinese;0;0;0;0;0;0;0;0;0;0;0;0;0;0
2146;A;HAN;Cagliari;0;0;0;0;0;0;0;0;0;0;0;0;0;0
2152;A;JAKUPOVIC;Empoli;0;0;0;0;0;0;0;0;0;0;0;0;0;0
2154;C;VIGNATO;Chievo;0;0;0;0;0;0;0;0;0;0;0;0;0;0
2155;A;CUTRONE;Milan;0;0;0;0;0;0;0;0;0;0;0;0;0;0
2160;D;GOSENS;Atalanta;0;0;0;0;0;0;0;0;0;0;0;0;0;0
2163;A;CORNELIUS;Atalanta;0;0;0;0;0;0;0;0;0;0;0;0;0;0
2164;D;MILENKOVIC;Fiorentina;0;0;0;0;0;0;0;0;0;0;0;0;0;0
2165;D;VITOR HUGO;Fiorentina;0;0;0;0;0;0;0;0;0;0;0;0;0;0
2166;C;BENTANCUR;Juventus;0;0;0;0;0;0;0;0;0;0;0;0;0;0
2167;A;ORSOLINI;Bologna;0;0;0;0;0;0;0;0;0;0;0;0;0;0
2168;D;MUSACCHIO;Milan;0;0;0;0;0;0;0;0;0;0;0;0;0;0
2169;D;RODRIGUEZ R;Milan;0;0;0;0;0;0;0;0;0;0;0;0;0;0
2170;P;MILINKOVIC-SAVIC V;SPAL;0;0;0;0;0;0;0;0;0;0;0;0;0;0
2171;D;LYANCO;Torino;0;0;0;0;0;0;0;0;0;0;0;0;0;0
2172;C;BARAK;Udinese;0;0;0;0;0;0;0;0;0;0;0;0;0;0
2174;D;VENUTI;Fiorentina;0;0;0;0;0;0;0;0;0;0;0;0;0;0
2175;A;ANDRE' SILVA;Milan;0;0;0;0;0;0;0;0;0;0;0;0;0;0
2178;P;CRAGNO;Cagliari;0;0;0;0;0;0;0;0;0;0;0;0;0;0
2179;P;SIRIGU;Torino;0;0;0;0;0;0;0;0;0;0;0;0;0;0
2180;D;KARSDORP;Roma;0;0;0;0;0;0;0;0;0;0;0;0;0;0
2181;D;PALOMINO;Atalanta;0;0;0;0;0;0;0;0;0;0;0;0;0;0
2182;D;RIGIONE;Chievo;0;0;0;0;0;0;0;0;0;0;0;0;0;0
2183;C;GARRITANO;Chievo;0;0;0;0;0;0;0;0;0;0;0;0;0;0
2185;C;GAUDINO;Chievo;0;0;0;0;0;0;0;0;0;0;0;0;0;0
2187;C;BORINI;Milan;0;0;0;0;0;0;0;0;0;0;0;0;0;0
2188;C;MARUSIC;Lazio;0;0;0;0;0;0;0;0;0;0;0;0;0;0
2191;C;INGELSSON;Udinese;0;0;0;0;0;0;0;0;0;0;0;0;0;0
2192;D;BONIFAZI;Torino;0;0;0;0;0;0;0;0;0;0;0;0;0;0
2193;C;GONALONS;Roma;0;0;0;0;0;0;0;0;0;0;0;0;0;0
2194;C;CALHANOGLU;Milan;0;0;0;0;0;0;0;0;0;0;0;0;0;0
2195;A;OUNAS;Napoli;0;0;0;0;0;0;0;0;0;0;0;0;0;0
2196;A;GALABINOV;Genoa;0;0;0;0;0;0;0;0;0;0;0;0;0;0
2197;D;CASTAGNE;Atalanta;0;0;0;0;0;0;0;0;0;0;0;0;0;0
2198;A;KOWNACKI;Sampdoria;0;0;0;0;0;0;0;0;0;0;0;0;0;0
2200;C;DOUGLAS COSTA;Juventus;0;0;0;0;0;0;0;0;0;0;0;0;0;0
2201;A;UNDER;Roma;0;0;0;0;0;0;0;0;0;0;0;0;0;0
2205;C;BERENGUER;Torino;0;0;0;0;0;0;0;0;0;0;0;0;0;0
2207;A;ZEKHNINI;Fiorentina;0;0;0;0;0;0;0;0;0;0;0;0;0;0
2208;D;JAROSZYNSKI;Chievo;0;0;0;0;0;0;0;0;0;0;0;0;0;0
2209;C;LUCAS LEIVA;Lazio;0;0;0;0;0;0;0;0;0;0;0;0;0;0
2210;C;FALLETTI;Bologna;0;0;0;0;0;0;0;0;0;0;0;0;0;0
2212;D;VAISANEN;SPAL;0;0;0;0;0;0;0;0;0;0;0;0;0;0
2213;C;CASSATA;Sassuolo;0;0;0;0;0;0;0;0;0;0;0;0;0;0
2214;D;KOLAROV;Roma;0;0;0;0;0;0;0;0;0;0;0;0;0;0
2215;C;VERETOUT;Fiorentina;0;0;0;0;0;0;0;0;0;0;0;0;0;0
2216;D;KONATE;SPAL;0;0;0;0;0;0;0;0;0;0;0;0;0;0
2243;C;CICIRETTI;Parma;0;0;0;0;0;0;0;0;0;0;0;0;0;0
2246;A;CERAVOLO;Parma;0;0;0;0;0;0;0;0;0;0;0;0;0;0
2249;P;SANTURRO;Bologna;0;0;0;0;0;0;0;0;0;0;0;0;0;0
2256;P;POLUZZI;SPAL;0;0;0;0;0;0;0;0;0;0;0;0;0;0
2261;D;VICARI;SPAL;0;0;0;0;0;0;0;0;0;0;0;0;0;0
2263;C;LAZZARI M;SPAL;0;0;0;0;0;0;0;0;0;0;0;0;0;0
2265;C;SCHIATTARELLA;SPAL;0;0;0;0;0;0;0;0;0;0;0;0;0;0
2267;A;ANTENUCCI;SPAL;0;0;0;0;0;0;0;0;0;0;0;0;0;0
2271;P;NICOLAS;Udinese;0;0;0;0;0;0;0;0;0;0;0;0;0;0
2274;C;VALOTI;SPAL;0;0;0;0;0;0;0;0;0;0;0;0;0;0
2279;D;ROMAGNA;Cagliari;0;0;0;0;0;0;0;0;0;0;0;0;0;0
2280;D;NUYTINCK;Udinese;0;0;0;0;0;0;0;0;0;0;0;0;0;0
2284;A;CAICEDO;Lazio;0;0;0;0;0;0;0;0;0;0;0;0;0;0
2285;D;BANI;Chievo;0;0;0;0;0;0;0;0;0;0;0;0;0;0
2287;C;RAMIREZ;Sampdoria;0;0;0;0;0;0;0;0;0;0;0;0;0;0
2288;D;N'KOULOU;Torino;0;0;0;0;0;0;0;0;0;0;0;0;0;0
2289;D;DALBERT;Inter;0;0;0;0;0;0;0;0;0;0;0;0;0;0
2290;C;EYSSERIC;Fiorentina;0;0;0;0;0;0;0;0;0;0;0;0;0;0
2291;C;RODRIGUEZ T;Genoa;0;0;0;0;0;0;0;0;0;0;0;0;0;0
2293;C;OMEONGA;Genoa;0;0;0;0;0;0;0;0;0;0;0;0;0;0
2296;D;MANCINI G;Atalanta;0;0;0;0;0;0;0;0;0;0;0;0;0;0
2297;P;ROSSI F;Atalanta;0;0;0;0;0;0;0;0;0;0;0;0;0;0
2300;D;LEVERBE;Sampdoria;0;0;0;0;0;0;0;0;0;0;0;0;0;0
2302;C;BEHRAMI;Udinese;0;0;0;0;0;0;0;0;0;0;0;0;0;0
2304;A;SALCEDO MORA;Inter;0;0;0;0;0;0;0;0;0;0;0;0;0;0
2306;C;MATUIDI;Juventus;0;0;0;0;0;0;0;0;0;0;0;0;0;0
2309;D;PEZZELLA GER;Fiorentina;0;0;0;0;0;0;0;0;0;0;0;0;0;0
2310;D;CANCELO;Juventus;0;0;0;0;0;0;0;0;0;0;0;0;0;0
2312;D;HRISTOV;Fiorentina;0;0;0;0;0;0;0;0;0;0;0;0;0;0
2313;D;TOMIC;Sampdoria;0;0;0;0;0;0;0;0;0;0;0;0;0;0
2314;C;BRLEK;Genoa;0;0;0;0;0;0;0;0;0;0;0;0;0;0
2315;D;STRYGER LARSEN;Udinese;0;0;0;0;0;0;0;0;0;0;0;0;0;0
2317;A;BRIGNOLA;Sassuolo;0;0;0;0;0;0;0;0;0;0;0;0;0;0
2318;D;ROGERIO;Sassuolo;0;0;0;0;0;0;0;0;0;0;0;0;0;0
2320;D;ANDERSEN;Sampdoria;0;0;0;0;0;0;0;0;0;0;0;0;0;0
2325;A;KARAMOH;Inter;0;0;0;0;0;0;0;0;0;0;0;0;0;0
2327;A;STEPINSKI;Chievo;0;0;0;0;0;0;0;0;0;0;0;0;0;0
2331;P;BORSELLINI;Udinese;0;0;0;0;0;0;0;0;0;0;0;0;0;0
2332;C;BRUNO JORDAO;Lazio;0;0;0;0;0;0;0;0;0;0;0;0;0;0
2333;A;PEDRO NETO;Lazio;0;0;0;0;0;0;0;0;0;0;0;0;0;0
2334;A;LERIS;Chievo;0;0;0;0;0;0;0;0;0;0;0;0;0;0
2335;D;LUIZ FELIPE;Lazio;0;0;0;0;0;0;0;0;0;0;0;0;0;0
2378;C;PASTORE;Roma;0;0;0;0;0;0;0;0;0;0;0;0;0;0
2387;P;LAFONT;Fiorentina;0;0;0;0;0;0;0;0;0;0;0;0;0;0
2504;C;CAN ;Juventus;0;0;0;0;0;0;0;0;0;0;0;0;0;0
2594;D;LEMOS;Sassuolo;0;0;0;0;0;0;0;0;0;0;0;0;0;0
2610;A;CRISTIANO RONALDO;Juventus;0;0;0;0;0;0;0;0;0;0;0;0;0;0
2646;C;SANDRO;Genoa;0;0;0;0;0;0;0;0;0;0;0;0;0;0
2650;A;AVENATTI;Bologna;0;0;0;0;0;0;0;0;0;0;0;0;0;0
2652;C;EVERTON LUIZ;SPAL;0;0;0;0;0;0;0;0;0;0;0;0;0;0
2653;D;LYKOGIANNIS;Cagliari;0;0;0;0;0;0;0;0;0;0;0;0;0;0
2658;A;MEDEIROS;Genoa;0;0;0;0;0;0;0;0;0;0;0;0;0;0
2659;C;DABO;Fiorentina;0;0;0;0;0;0;0;0;0;0;0;0;0;0
2663;D;TANASIJEVIC;Chievo;0;0;0;0;0;0;0;0;0;0;0;0;0;0
2664;D;EL YAMIQ;Genoa;0;0;0;0;0;0;0;0;0;0;0;0;0;0
2719;A;BARROW;Atalanta;0;0;0;0;0;0;0;0;0;0;0;0;0;0
2725;C;CALIGARA;Cagliari;0;0;0;0;0;0;0;0;0;0;0;0;0;0
2728;D;PELLEGRINI LU;Roma;0;0;0;0;0;0;0;0;0;0;0;0;0;0
2732;C;STIJEPOVIC;Sampdoria;0;0;0;0;0;0;0;0;0;0;0;0;0;0
2737;D;BETTELLA;Atalanta;0;0;0;0;0;0;0;0;0;0;0;0;0;0
2739;D;RECA;Atalanta;0;0;0;0;0;0;0;0;0;0;0;0;0;0
2740;D;VARNIER;Atalanta;0;0;0;0;0;0;0;0;0;0;0;0;0;0
2741;C;PESSINA;Atalanta;0;0;0;0;0;0;0;0;0;0;0;0;0;0
2742;C;VALZANIA;Atalanta;0;0;0;0;0;0;0;0;0;0;0;0;0;0
2743;A;SANTANDER;Bologna;0;0;0;0;0;0;0;0;0;0;0;0;0;0
2744;C;SVANBERG;Bologna;0;0;0;0;0;0;0;0;0;0;0;0;0;0
2745;D;CALABRESI;Bologna;0;0;0;0;0;0;0;0;0;0;0;0;0;0
2746;D;DIJKS;Bologna;0;0;0;0;0;0;0;0;0;0;0;0;0;0
2747;D;PAZ;Bologna;0;0;0;0;0;0;0;0;0;0;0;0;0;0
2749;D;SRNA;Cagliari;0;0;0;0;0;0;0;0;0;0;0;0;0;0
2750;A;MRAZ;Empoli;0;0;0;0;0;0;0;0;0;0;0;0;0;0
2752;D;RASMUSSEN;Empoli;0;0;0;0;0;0;0;0;0;0;0;0;0;0
2753;D;MARCJANIK;Empoli;0;0;0;0;0;0;0;0;0;0;0;0;0;0
2754;D;HANCKO;Fiorentina;0;0;0;0;0;0;0;0;0;0;0;0;0;0
2755;D;VALIETTI;Genoa;0;0;0;0;0;0;0;0;0;0;0;0;0;0
2756;A;PIATEK;Genoa;0;0;0;0;0;0;0;0;0;0;0;0;0;0
2757;D;LAKICEVIC;Genoa;0;0;0;0;0;0;0;0;0;0;0;0;0;0
2758;D;GUNTER;Genoa;0;0;0;0;0;0;0;0;0;0;0;0;0;0
2759;D;CRISCITO;Genoa;0;0;0;0;0;0;0;0;0;0;0;0;0;0
2760;C;CALLEGARI;Genoa;0;0;0;0;0;0;0;0;0;0;0;0;0;0
2761;P;VODISEK;Genoa;0;0;0;0;0;0;0;0;0;0;0;0;0;0
2762;A;KOUAME';Genoa;0;0;0;0;0;0;0;0;0;0;0;0;0;0
2764;A;MARTINEZ L;Inter;0;0;0;0;0;0;0;0;0;0;0;0;0;0
2765;A;ODGAARD;Sassuolo;0;0;0;0;0;0;0;0;0;0;0;0;0;0
2766;C;ZANIOLO;Roma;0;0;0;0;0;0;0;0;0;0;0;0;0;0
2769;D;MAGNANI;Sassuolo;0;0;0;0;0;0;0;0;0;0;0;0;0;0
2770;P;PROTO;Lazio;0;0;0;0;0;0;0;0;0;0;0;0;0;0
2771;C;BERISHA V;Lazio;0;0;0;0;0;0;0;0;0;0;0;0;0;0
2772;D;DURMISI;Lazio;0;0;0;0;0;0;0;0;0;0;0;0;0;0
2773;A;SPROCATI;Lazio;0;0;0;0;0;0;0;0;0;0;0;0;0;0
2774;C;HALILOVIC;Milan;0;0;0;0;0;0;0;0;0;0;0;0;0;0
2775;C;RUIZ;Napoli;0;0;0;0;0;0;0;0;0;0;0;0;0;0
2776;A;YOUNES;Napoli;0;0;0;0;0;0;0;0;0;0;0;0;0;0
2778;C;STULAC;Parma;0;0;0;0;0;0;0;0;0;0;0;0;0;0
2779;A;KLUIVERT;Roma;0;0;0;0;0;0;0;0;0;0;0;0;0;0
2780;C;CORIC;Roma;0;0;0;0;0;0;0;0;0;0;0;0;0;0
2781;P;FUZATO;Roma;0;0;0;0;0;0;0;0;0;0;0;0;0;0
2782;D;MARCANO;Roma;0;0;0;0;0;0;0;0;0;0;0;0;0;0
2783;D;BIANDA;Roma;0;0;0;0;0;0;0;0;0;0;0;0;0;0
2784;D;COLLEY;Sampdoria;0;0;0;0;0;0;0;0;0;0;0;0;0;0
2785;C;PEETERS;Sampdoria;0;0;0;0;0;0;0;0;0;0;0;0;0;0
2787;D;DICKMANN;SPAL;0;0;0;0;0;0;0;0;0;0;0;0;0;0
2788;D;BREMER;Torino;0;0;0;0;0;0;0;0;0;0;0;0;0;0
2789;C;MEITE';Torino;0;0;0;0;0;0;0;0;0;0;0;0;0;0
2790;P;ROSATI;Torino;0;0;0;0;0;0;0;0;0;0;0;0;0;0
2791;A;VIZEU;Udinese;0;0;0;0;0;0;0;0;0;0;0;0;0;0
2792;P;MUSSO;Udinese;0;0;0;0;0;0;0;0;0;0;0;0;0;0
2793;D;OPOKU;Udinese;0;0;0;0;0;0;0;0;0;0;0;0;0;0
2794;A;MICIN;Udinese;0;0;0;0;0;0;0;0;0;0;0;0;0;0
2795;D;TER AVEST;Udinese;0;0;0;0;0;0;0;0;0;0;0;0;0;0
2797;D;JUNIOR TAVARES;Sampdoria;0;0;0;0;0;0;0;0;0;0;0;0;0;0
2798;P;DINI;Parma;0;0;0;0;0;0;0;0;0;0;0;0;0;0
2799;P;FRATTALI;Parma;0;0;0;0;0;0;0;0;0;0;0;0;0;0
2800;D;DI CESARE;Parma;0;0;0;0;0;0;0;0;0;0;0;0;0;0
2801;D;IACOPONI;Parma;0;0;0;0;0;0;0;0;0;0;0;0;0;0
2802;C;BARILLA';Parma;0;0;0;0;0;0;0;0;0;0;0;0;0;0
2803;C;SCAVONE;Parma;0;0;0;0;0;0;0;0;0;0;0;0;0;0
2804;C;SCOZZARELLA;Parma;0;0;0;0;0;0;0;0;0;0;0;0;0;0
2805;A;BARAYE;Parma;0;0;0;0;0;0;0;0;0;0;0;0;0;0
2806;A;CALAIO';Parma;0;0;0;0;0;0;0;0;0;0;0;0;0;0
2807;A;DA CRUZ;Parma;0;0;0;0;0;0;0;0;0;0;0;0;0;0
2808;C;FREDIANI;Parma;0;0;0;0;0;0;0;0;0;0;0;0;0;0
2810;D;BRIGHENTI;Frosinone;0;0;0;0;0;0;0;0;0;0;0;0;0;0
2811;C;KONE';Frosinone;0;0;0;0;0;0;0;0;0;0;0;0;0;0
2812;A;CIANO;Frosinone;0;0;0;0;0;0;0;0;0;0;0;0;0;0
2814;P;PROVEDEL;Empoli;0;0;0;0;0;0;0;0;0;0;0;0;0;0
2815;P;TERRACCIANO;Empoli;0;0;0;0;0;0;0;0;0;0;0;0;0;0
2816;D;DI LORENZO;Empoli;0;0;0;0;0;0;0;0;0;0;0;0;0;0
2817;D;UNTERSEE;Empoli;0;0;0;0;0;0;0;0;0;0;0;0;0;0
2818;C;BENNACER;Empoli;0;0;0;0;0;0;0;0;0;0;0;0;0;0
2819;A;CAPUTO;Empoli;0;0;0;0;0;0;0;0;0;0;0;0;0;0
2825;C;BOURABIA;Sassuolo;0;0;0;0;0;0;0;0;0;0;0;0;0;0
2826;A;PUSSETTO;Udinese;0;0;0;0;0;0;0;0;0;0;0;0;0;0
2827;A;MACHIS;Udinese;0;0;0;0;0;0;0;0;0;0;0;0;0;0
2828;C;COLOMBATTO;Cagliari;0;0;0;0;0;0;0;0;0;0;0;0;0;0
2829;D;VALJENT;Chievo;0;0;0;0;0;0;0;0;0;0;0;0;0;0
2830;C;NORGAARD;Fiorentina;0;0;0;0;0;0;0;0;0;0;0;0;0;0
2831;D;DJOUROU;SPAL;0;0;0;0;0;0;0;0;0;0;0;0;0;0
2832;C;BOGA;Sassuolo;0;0;0;0;0;0;0;0;0;0;0;0;0;0
2833;C;KULUSEVSKI;Atalanta;0;0;0;0;0;0;0;0;0;0;0;0;0;0
2834;D;BRIGNANI;Bologna;0;0;0;0;0;0;0;0;0;0;0;0;0;0
2835;C;KINGSLEY;Bologna;0;0;0;0;0;0;0;0;0;0;0;0;0;0
2836;P;OLSEN;Roma;0;0;0;0;0;0;0;0;0;0;0;0;0;0
2838;D;IMPERIALE;Empoli;0;0;0;0;0;0;0;0;0;0;0;0;0;0
2839;A;SOTTIL;Fiorentina;0;0;0;0;0;0;0;0;0;0;0;0;0;0
2840;A;GRAICIAR;Fiorentina;0;0;0;0;0;0;0;0;0;0;0;0;0;0
2841;A;VLAHOVIC;Fiorentina;0;0;0;0;0;0;0;0;0;0;0;0;0;0
2842;A;ZANIMACCHIA;Genoa;0;0;0;0;0;0;0;0;0;0;0;0;0;0
2843;C;EMMERS;Inter;0;0;0;0;0;0;0;0;0;0;0;0;0;0
2844;A;COLIDIO;Inter;0;0;0;0;0;0;0;0;0;0;0;0;0;0
2845;P;CONTINI N;Napoli;0;0;0;0;0;0;0;0;0;0;0;0;0;0
2846;C;BAUMGARTNER;Sampdoria;0;0;0;0;0;0;0;0;0;0;0;0;0;0
2847;D;SERNICOLA;Sassuolo;0;0;0;0;0;0;0;0;0;0;0;0;0;0
2848;C;FRATTESI;Sassuolo;0;0;0;0;0;0;0;0;0;0;0;0;0;0
2849;A;DAMASCAN;Torino;0;0;0;0;0;0;0;0;0;0;0;0;0;0
2850;C;KATUMA;SPAL;0;0;0;0;0;0;0;0;0;0;0;0;0;0
2852;C;RICCARDI;Roma;0;0;0;0;0;0;0;0;0;0;0;0;0;0
2853;A;MONCINI;SPAL;0;0;0;0;0;0;0;0;0;0;0;0;0;0
2854;C;BRADARIC;Cagliari;0;0;0;0;0;0;0;0;0;0;0;0;0;0
2855;C;VIEIRA;Sampdoria;0;0;0;0;0;0;0;0;0;0;0;0;0;0