;Id;R;Nome;Squadra;Qt. A;Qt. I;Diff.;Tit
30;2719;Pc;BARROW;Atalanta;11;11;0;0.55
48;316;Por;BERISHA;Atalanta;12;12;0;0.75
54;2737;Dc;BETTELLA;Atalanta;1;1;0;0.2
95;2197;"Dd;E";CASTAGNE;Atalanta;6;6;0;0.5
119;2163;Pc;CORNELIUS;Atalanta;4;4;0;0.5
130;21;W;D'ALESSANDRO;Atalanta;3;3;0;0.4
140;22;"M;C";DE ROON;Atalanta;9;9;0;0.8
164;787;Dc;DJIMSITI;Atalanta;2;2;0;0
201;788;C;FREULER;Atalanta;16;16;0;0.7
217;610;Por;GOLLINI;Atalanta;1;1;0;0.5
218;26;A;GOMEZ A;Atalanta;24;24;0;0.9
224;2160;"Ds;E";GOSENS;Atalanta;7;7;0;0.4
235;2130;"Dd;E";HATEBOER;Atalanta;8;8;0;0.6
247;177;"T;A";ILICIC;Atalanta;24;24;0;0.9
282;2833;"C;T";KULUSEVSKI;Atalanta;1;1;0;0.1
317;2296;Dc;MANCINI G;Atalanta;8;8;0;0.35
328;15;"Dd;Dc";MASIELLO A;Atalanta;15;15;0;0.9
380;2181;Dc;PALOMINO;Atalanta;7;7;0;0.7
385;2077;"C;T";PASALIC;Atalanta;14;14;0;0.7
403;2741;C;PESSINA;Atalanta;5;5;0;0.45
429;3;Por;RADUNOVIC;Atalanta;1;1;0;0
436;2739;"Ds;E";RECA;Atalanta;5;5;0;0.3
455;2297;Por;ROSSI F;Atalanta;1;1;0;0
512;695;Dc;TOLOI;Atalanta;10;10;0;0.9
517;778;Pc;TUMMINELLO;Atalanta;7;7;0;0.3
524;2742;C;VALZANIA;Atalanta;1;1;0;0.4
525;2740;Dc;VARNIER;Atalanta;1;1;0;0
549;608;Pc;ZAPATA D;Atalanta;25;25;0;0.8
19;2650;Pc;AVENATTI;Bologna;1;1;0;0
72;2834;Dc;BRIGNANI;Bologna;1;1;0;0.3
79;2745;"Dd;Dc";CALABRESI;Bologna;1;1;0;0.3
132;40;Por;DA COSTA;Bologna;1;1;0;0.3
138;224;Dc;DE MAIO;Bologna;7;7;0;0.85
150;472;Pc;DESTRO;Bologna;12;12;0;0.5
159;2746;"Ds;E";DIJKS;Bologna;5;5;0;0.5
170;669;"M;C";DONSAH;Bologna;8;8;0;0.5
177;713;"C;T";DZEMAILI;Bologna;13;13;0;0.8
185;532;Pc;FALCINELLI;Bologna;16;16;0;0.8
187;2210;T;FALLETTI;Bologna;2;2;0;0.3
222;419;Dc;GONZALEZ G;Bologna;6;6;0;0.9
236;615;Dc;HELANDER;Bologna;7;7;0;0.85
269;2835;C;KINGSLEY;Bologna;1;1;0;0
278;663;"Dd;E";KRAFTH;Bologna;3;3;0;0.3
280;1858;W;KREJCI;Bologna;5;5;0;0.5
330;106;E;MATTIELLO;Bologna;8;8;0;0.8
334;50;"Dd;Ds;Dc";MBAYE;Bologna;6;6;0;0.4
361;1859;"M;C";NAGY;Bologna;4;4;0;0.45
368;2100;A;OKWONKWO;Bologna;5;5;0;0.5
373;2167;"T;A";ORSOLINI;Bologna;4;4;0;0.55
379;280;A;PALACIO;Bologna;8;8;0;0.6
390;2747;"Ds;Dc";PAZ;Bologna;4;4;0;0.45
405;2114;Pc;PETKOVIC;Bologna;2;2;0;0.45
415;374;"M;C";POLI;Bologna;9;9;0;0.9
423;644;"M;C";PULGAR;Bologna;11;11;0;0.6
444;60;"E;C";RIZZO;Bologna;5;5;0;0.3
464;2743;Pc;SANTANDER;Bologna;10;10;0;0.6
466;2249;Por;SANTURRO;Bologna;1;1;0;0.1
486;133;Por;SKORUPSKI;Bologna;9;9;0;0.9
505;2744;"E;M";SVANBERG;Bologna;3;3;0;0.3
10;251;Dc;ANDREOLLI;Cagliari;4;4;0;0.3
15;1946;Por;ARESTI;Cagliari;1;1;0;0.2
27;1870;"M;C";BARELLA;Cagliari;16;16;0;0.9
84;2725;C;CALIGARA;Cagliari;1;1;0;0.3
92;1865;"Ds;Dc";CAPUANO;Cagliari;5;5;0;0.3
96;112;"C;T";CASTRO;Cagliari;12;12;0;0.9
99;1866;Dc;CEPPITELLI;Cagliari;8;8;0;0.85
101;306;Pc;CERRI;Cagliari;7;7;0;0.3
108;20;"M;C";CIGARINI;Cagliari;7;7;0;0.55
114;2828;"M;C";COLOMBATTO;Cagliari;2;2;0;0.2
122;2178;Por;CRAGNO;Cagliari;8;8;0;0.9
146;1871;"M;C";DEIOLA;Cagliari;3;3;0;0.4
149;1872;"E;M";DESSENA;Cagliari;3;3;0;0.35
188;2116;"Dd;E";FARAGO';Cagliari;4;4;0;0.6
190;1879;A;FARIAS;Cagliari;12;12;0;0.55
232;2146;Pc;HAN;Cagliari;6;6;0;0.45
253;627;"C;T";IONITA;Cagliari;8;8;0;0.8
258;1874;T;JOAO PEDRO;Cagliari;13;13;0;0.75
310;2653;"Ds;E";LYKOGIANNIS;Cagliari;5;5;0;0.85
376;301;"E;M";PADOIN;Cagliari;4;4;0;0.55
378;1876;"Ds;E";PAJAC;Cagliari;2;2;0;0.22
389;247;Pc;PAVOLETTI;Cagliari;17;17;0;0.9
411;1869;"Dd;Ds;Dc";PISACANE;Cagliari;4;4;0;0.4
430;611;Por;RAFAEL;Cagliari;1;1;0;0
449;2279;Dc;ROMAGNA;Cagliari;6;6;0;0.8
469;1882;A;SAU;Cagliari;9;9;0;0.55
495;2749;"Dd;E";SRNA;Cagliari;7;7;0;0.8
23;2285;Dc;BANI;Chievo;6;6;0;0.8
59;111;T;BIRSA;Chievo;11;11;0;0.8
76;99;"Dd;Ds;E";CACCIATORE;Chievo;8;8;0;0.9
148;2141;"Dd;E;M";DEPAOLI;Chievo;5;5;0;0.55
165;344;Pc;DJORDJEVIC;Chievo;10;10;0;0.55
202;1941;Por;FULIGNATI;Chievo;1;1;0;0.3
208;2183;"C;W;T";GARRITANO;Chievo;2;2;0;0.45
209;2185;C;GAUDINO;Chievo;1;1;0;0.4
214;702;"W;T";GIACCHERINI;Chievo;16;16;0;0.9
237;115;"E;M";HETEMAJ;Chievo;7;7;0;0.9
257;2208;"Ds;E";JAROSZYNSKI;Chievo;5;5;0;0.85
270;2107;"C;W;T";KIYINE;Chievo;4;4;0;0.3
337;124;A;MEGGIORINI;Chievo;6;6;0;0.55
396;127;Pc;PELLISSIER;Chievo;3;3;0;0.3
422;156;A;PUCCIARELLI;Chievo;4;4;0;0.45
426;118;"M;C";RADOVANOVIC;Chievo;8;8;0;0.9
442;119;"M;C";RIGONI N;Chievo;6;6;0;0.55
476;97;Por;SECULIN;Chievo;1;1;0;0.05
489;413;Por;SORRENTINO;Chievo;9;9;0;0.9
496;2327;Pc;STEPINSKI;Chievo;12;12;0;0.55
507;2663;Dc;TANASIJEVIC;Chievo;1;1;0;0.1
513;169;"Dd;Dc";TOMOVIC;Chievo;7;7;0;0.65
522;2829;"Dd;Dc";VALJENT;Chievo;2;2;0;0.35
534;2154;"T;A";VIGNATO;Chievo;1;1;0;0.3
43;2818;C;BENNACER;Empoli;5;5;0;0.9
71;56;"M;C";BRIGHI;Empoli;2;2;0;0.55
93;2819;Pc;CAPUTO;Empoli;13;13;0;0.9
156;2816;"Dd;E";DI LORENZO;Empoli;5;5;0;0.9
249;2838;"Ds;E";IMPERIALE;Empoli;1;1;0;0.4
255;2152;Pc;JAKUPOVIC;Empoli;1;1;0;0.4
281;148;"C;T";KRUNIC;Empoli;9;9;0;0.9
284;447;Pc;LA GUMINA;Empoli;12;12;0;0.85
300;83;C;LOLLO;Empoli;3;3;0;0.3
315;48;Dc;MAIETTA;Empoli;5;5;0;0.8
324;2753;Dc;MARCJANIK;Empoli;4;4;0;0.3
335;154;Pc;MCHEDLIDZE;Empoli;5;5;0;0.2
354;2750;Pc;MRAZ;Empoli;6;6;0;0.55
386;166;"Ds;E";PASQUAL;Empoli;7;7;0;0.9
421;2814;Por;PROVEDEL;Empoli;6;6;0;0.9
435;2752;Dc;RASMUSSEN;Empoli;3;3;0;0.45
445;718;Pc;RODRIGUEZ A;Empoli;2;2;0;0.5
451;76;Dc;ROMAGNOLI S;Empoli;5;5;0;0.3
509;2815;Por;TERRACCIANO;Empoli;1;1;0;0.4
519;2817;"Dd;E;M";UNTERSEE;Empoli;3;3;0;0.2
532;2064;"Dd;Ds;Dc";VESELI;Empoli;5;5;0;0.35
545;2124;T;ZAJC;Empoli;8;8;0;0.9
41;557;C;BENASSI;Fiorentina;11;11;0;0.9
57;252;"Ds;E";BIRAGHI;Fiorentina;6;6;0;0.85
98;1891;"Dd;Dc";CECCHERINI;Fiorentina;7;7;0;0.3
104;2002;"W;A";CHIESA;Fiorentina;25;25;0;0.9
127;2075;"M;C";CRISTOFORO;Fiorentina;2;2;0;0.35
134;2659;"M;C";DABO;Fiorentina;7;7;0;0.8
160;1918;"Dd;E";DIKS;Fiorentina;4;4;0;0.45
172;1917;Por;DRAGOWSKI;Fiorentina;1;1;0;0.3
184;2290;"W;T";EYSSERIC;Fiorentina;8;8;0;0.4
211;1967;"C;T";GERSON;Fiorentina;11;11;0;0.65
225;2840;Pc;GRAICIAR;Fiorentina;1;1;0;0.3
233;2754;"Ds;Dc";HANCKO;Fiorentina;3;3;0;0.3
241;2312;Dc;HRISTOV;Fiorentina;1;1;0;0.3
285;2387;Por;LAFONT;Fiorentina;10;10;0;0.9
289;141;"Dd;E";LAURINI;Fiorentina;3;3;0;0.2
342;2164;"Dd;Dc";MILENKOVIC;Fiorentina;7;7;0;0.6
364;2830;"M;C";NORGAARD;Fiorentina;5;5;0;0.55
369;2087;"Ds;E";OLIVERA M;Fiorentina;2;2;0;0.2
406;2309;Dc;PEZZELLA GER;Fiorentina;10;10;0;0.9
462;2058;"M;C";SANCHEZ C;Fiorentina;4;4;0;0.3
467;150;T;SAPONARA;Fiorentina;9;9;0;0.4
482;2061;Pc;SIMEONE;Fiorentina;25;25;0;0.9
490;2839;A;SOTTIL;Fiorentina;2;2;0;0.1
511;606;A;THEREAU;Fiorentina;13;13;0;0.6
527;2174;"Dd;E";VENUTI;Fiorentina;2;2;0;0.35
530;2215;C;VERETOUT;Fiorentina;17;17;0;0.9
537;2165;Dc;VITOR HUGO;Fiorentina;6;6;0;0.8
540;2841;Pc;VLAHOVIC;Fiorentina;1;1;0;0.3
550;2207;A;ZEKHNINI;Fiorentina;2;2;0;0.3
16;515;Dc;ARIAUDO;Frosinone;4;4;0;0.7
26;799;Por;BARDI;Frosinone;1;1;0;0.05
37;2105;E;BEGHETTO;Frosinone;2;2;0;0.2
70;2810;"Dd;Ds;Dc";BRIGHENTI;Frosinone;3;3;0;0.4
102;202;"M;C";CHIBSAH;Frosinone;3;3;0;0.5
106;2812;A;CIANO;Frosinone;10;10;0;0.55
109;212;Pc;CIOFANI D;Frosinone;5;5;0;0.35
110;194;"Dd;E";CIOFANI M;Frosinone;4;4;0;0.65
124;57;"M;C";CRISETIG;Frosinone;6;6;0;0.6
163;213;Pc;DIONISI;Frosinone;10;10;0;0.85
212;244;"Dd;E";GHIGLIONE;Frosinone;2;2;0;0.1
216;418;Dc;GOLDANIGA;Frosinone;6;6;0;0.8
223;205;"M;C";GORI;Frosinone;1;1;0;0.55
274;2811;"M;C";KONE';Frosinone;2;2;0;0.45
279;1867;Dc;KRAJNC;Frosinone;4;4;0;0.55
314;651;C;MAIELLO;Frosinone;5;5;0;0.75
350;551;"Ds;E";MOLINARO;Frosinone;7;7;0;0.55
377;207;W;PAGANINI;Frosinone;2;2;0;0.1
399;605;Pc;PERICA;Frosinone;11;11;0;0.8
488;210;"C;W;T";SODDIMO;Frosinone;6;6;0;0.55
493;4;Por;SPORTIELLO;Frosinone;6;6;0;0.9
510;522;Dc;TERRANOVA;Frosinone;6;6;0;0.9
535;2809;Por;VIGORITO;Frosinone;1;1;0;0.1
53;264;"C;T";BESSA;Genoa;7;7;0;0.6
58;2083;"Dd;Dc";BIRASCHI;Genoa;7;7;0;0.85
85;2760;C;CALLEGARI;Genoa;2;2;0;0.3
123;2759;"Ds;Dc";CRISCITO;Genoa;10;10;0;0.9
180;2664;Dc;EL YAMIQ;Genoa;2;2;0;0.2
207;2196;Pc;GALABINOV;Genoa;3;3;0;0.1
228;2758;Dc;GUNTER;Genoa;3;3;0;0.25
240;433;C;HILJEMARK;Genoa;6;6;0;0.65
275;2762;Pc;KOUAME';Genoa;3;3;0;0.55
286;2757;"Dd;E";LAKICEVIC;Genoa;5;5;0;0.55
287;1939;Pc;LAPADULA;Genoa;12;12;0;0.55
290;235;E;LAXALT;Genoa;10;10;0;0.9
291;236;"E;C";LAZOVIC;Genoa;6;6;0;0.5
322;318;Por;MARCHETTI;Genoa;10;10;0;0.7
333;1976;"M;C";MAZZITELLI;Genoa;6;6;0;0.55
336;2658;"T;A";MEDEIROS;Genoa;12;12;0;0.8
371;2293;C;OMEONGA;Genoa;4;4;0;0.3
382;245;A;PANDEV;Genoa;9;9;0;0.65
398;729;"Dd;E";PEREIRA P;Genoa;3;3;0;0.6
408;2756;Pc;PIATEK;Genoa;13;13;0;0.65
428;1843;Por;RADU I;Genoa;1;1;0;0.5
452;621;"E;M";ROMULO;Genoa;12;12;0;0.9
454;54;"Dd;Dc";ROSSETTINI;Genoa;5;5;0;0.3
463;2646;"M;C";SANDRO;Genoa;11;11;0;0.9
492;78;Dc;SPOLLI;Genoa;6;6;0;0.75
541;2761;Por;VODISEK;Genoa;1;1;0;0.1
546;2842;A;ZANIMACCHIA;Genoa;1;1;0;0.2
552;493;"Ds;Dc";ZUKANOVIC;Genoa;6;6;0;0.45
17;295;"Ds;E";ASAMOAH;Inter;9;9;0;0.8
34;2120;Dc;BASTONI;Inter;1;1;0;0.2
51;248;Por;BERNI;Inter;1;1;0;0.1
66;172;C;BORJA VALERO;Inter;5;5;0;0.45
73;265;"C;T";BROZOVIC;Inter;15;15;0;0.8
89;332;W;CANDREVA;Inter;14;14;0;0.65
112;2844;Pc;COLIDIO;Inter;1;1;0;0.1
131;253;"Dd;Ds;E";D'AMBROSIO;Inter;9;9;0;0.55
135;2289;"Ds;E";DALBERT;Inter;3;3;0;0.4
144;322;Dc;DE VRIJ;Inter;17;17;0;0.9
181;2843;C;EMMERS;Inter;1;1;0;0
205;801;"M;C";GAGLIARDINI;Inter;7;7;0;0.7
234;250;Por;HANDANOVIC;Inter;16;16;0;0.9
245;277;Pc;ICARDI;Inter;39;39;0;0.9
262;2325;A;KARAMOH;Inter;9;9;0;0.5
326;2764;Pc;MARTINEZ L;Inter;16;16;0;0.55
347;257;Dc;MIRANDA;Inter;7;7;0;0.55
362;467;"C;T";NAINGGOLAN;Inter;25;25;0;0.9
375;543;Por;PADELLI;Inter;1;1;0;0.2
401;704;"W;A";PERISIC;Inter;30;30;0;0.9
409;2038;Pc;PINAMONTI;Inter;6;6;0;0
416;536;A;POLITANO;Inter;15;15;0;0.65
434;261;Dc;RANOCCHIA;Inter;4;4;0;0.4
460;2304;Pc;SALCEDO MORA;Inter;1;1;0;0.2
487;798;Dc;SKRINIAR;Inter;16;16;0;0.9
526;181;"M;C";VECINO;Inter;10;10;0;0.55
553;234512;"Dd;E";VRSALJKO;Inter;14;14;0;0.75
6;662;"Ds;E";ALEX SANDRO;Juventus;17;17;0;0.9
31;285;Dc;BARZAGLI;Juventus;3;3;0;0.25
42;1931;Dc;BENATIA;Juventus;10;10;0;0.4
44;2166;C;BENTANCUR;Juventus;7;7;0;0.45
50;184;"W;A";BERNARDESCHI;Juventus;17;17;0;0.45
64;286;Dc;BONUCCI;Juventus;12;12;0;0.85
87;2504;"M;C";CAN;Juventus;21;21;0;0.65
88;2310;"Dd;E";CANCELO;Juventus;14;14;0;0.7
103;288;Dc;CHIELLINI;Juventus;12;12;0;0.85
126;2610;Pc;CRISTIANO RONALDO;Juventus;49;49;0;0.8
128;697;W;CUADRADO;Juventus;19;19;0;0.55
142;358;"Dd;Ds;E";DE SCIGLIO;Juventus;8;8;0;0.35
171;2200;W;DOUGLAS COSTA;Juventus;26;26;0;0.65
175;309;A;DYBALA;Juventus;37;37;0;0.8
191;819;Pc;FAVILLI;Juventus;9;9;0;0
266;2097;Pc;KEAN;Juventus;6;6;0;0
268;299;C;KHEDIRA;Juventus;16;16;0;0.55
319;312;Pc;MANDZUKIC;Juventus;17;17;0;0.55
323;300;"M;C";MARCHISIO;Juventus;5;5;0;0.55
331;2306;"M;C";MATUIDI;Juventus;16;16;0;0.7
400;218;Por;PERIN;Juventus;1;1;0;0.5
410;1930;Por;PINSOGLIO;Juventus;1;1;0;0.2
412;1998;A;PJACA;Fiorentina;16;16;0;0.5
413;469;C;PJANIC;Juventus;18;18;0;0.85
456;294;Dc;RUGANI;Juventus;8;8;0;0.2
491;1852;"Ds;E";SPINAZZOLA;Juventus;6;6;0;0.5
503;305;"M;C";STURARO;Juventus;3;3;0;0.4
506;453;Por;SZCZESNY;Juventus;18;18;0;0.8
1;513;Dc;ACERBI;Lazio;12;12;0;0.9
33;319;"Dd;E";BASTA;Lazio;3;3;0;0.55
35;2062;Dc;BASTOS;Lazio;8;8;0;0.4
49;2771;"C;T";BERISHA V;Lazio;10;10;0;0.65
75;2332;C;BRUNO JORDAO;Lazio;1;1;0;0
77;287;"Dd;Dc";CACERES;Lazio;6;6;0;0.75
78;2284;Pc;CAICEDO;Lazio;5;5;0;0.45
97;333;"M;C";CATALDI;Lazio;4;4;0;0.8
155;1873;C;DI GENNARO D;Lazio;1;1;0;0.3
174;2772;"Ds;E";DURMISI;Lazio;5;5;0;0
227;317;Por;GUERRIERI;Lazio;1;1;0;0
248;785;Pc;IMMOBILE;Lazio;41;41;0;0.9
301;2040;"W;A";LOMBARDI;Lazio;3;3;0;0.6
302;2209;"M;C";LUCAS LEIVA;Lazio;13;13;0;0.9
303;2085;"T;A";LUIS ALBERTO;Lazio;26;26;0;0.9
304;2335;Dc;LUIZ FELIPE;Lazio;8;8;0;0.8
305;1999;E;LUKAKU J;Lazio;5;5;0;0.2
307;338;"E;C";LULIC;Lazio;13;13;0;0.9
327;2188;E;MARUSIC;Lazio;11;11;0;0.85
344;645;"C;T";MILINKOVIC-SAVIC;Lazio;29;29;0;0.9
346;1936;"M;C";MINALA;Lazio;2;2;0;0
356;2003;"M;C";MURGIA;Lazio;3;3;0;0.4
384;342;"M;C";PAROLO;Lazio;14;14;0;0.9
388;327;"Dd;Ds;E";PATRIC;Lazio;2;2;0;0.35
391;2333;A;PEDRO NETO;Lazio;1;1;0;
420;2770;Por;PROTO;Lazio;1;1;0;0
427;329;"Ds;Dc";RADU;Lazio;9;9;0;0.9
494;2773;"T;A";SPROCATI;Lazio;1;1;0;0
498;1934;Por;STRAKOSHA;Lazio;12;12;0;0.9
543;2007;Dc;WALLACE;Lazio;5;5;0;0.65
0;353;"Dd;E";ABATE;Milan;3;3;0;0.45
9;2175;Pc;ANDRE' SILVA;Milan;10;10;0;0.6
14;356;"Ds;E";ANTONELLI;Milan;4;4;0;0.45
52;366;C;BERTOLACCI;Milan;7;7;0;0.8
56;331;"M;C";BIGLIA;Milan;10;10;0;0.75
62;367;"C;W;T";BONAVENTURA;Milan;22;22;0;0.85
65;2187;W;BORINI;Milan;6;6;0;0.6
80;357;"Dd;E";CALABRIA;Milan;6;6;0;0.7
82;1847;Dc;CALDARA;Milan;12;12;0;0.9
83;2194;"T;A";CALHANOGLU;Milan;21;21;0;0.85
116;11;"Dd;E";CONTI;Milan;7;7;0;0.6
129;2155;Pc;CUTRONE;Milan;16;16;0;0.75
168;216;Por;DONNARUMMA A;Milan;1;1;0;0.3
169;350;Por;DONNARUMMA G;Milan;12;12;0;0.8
204;385;Por;GABRIEL;Milan;1;1;0;0
219;2052;Dc;GOMEZ G;Milan;2;2;0;0
229;2774;T;HALILOVIC;Milan;2;2;0;0
239;408;Pc;HIGUAIN;Milan;33;33;0;0.9
261;652;Pc;KALINIC;Milan;14;14;0;0.45
267;1850;"M;C";KESSIE';Milan;14;14;0;0.9
299;827;"M;C";LOCATELLI M;Milan;7;7;0;0.55
332;371;"M;C";MAURI J;Milan;1;1;0;0
352;372;"M;C";MONTOLIVO;Milan;4;4;0;0.55
358;2168;Dc;MUSACCHIO;Milan;5;5;0;0.6
414;2091;Por;PLIZZARI;Milan;1;1;0;0
438;387;Por;REINA;Milan;1;1;0;0.4
446;2169;"Ds;E";RODRIGUEZ R;Milan;8;8;0;0.9
450;460;Dc;ROMAGNOLI A;Milan;10;10;0;0.9
484;362;Dc;SIMIC S;Milan;2;2;0;0
499;395;"Ds;E";STRINIC;Milan;5;5;0;0.75
504;375;"T;A";SUSO;Milan;23;23;0;0.9
548;365;Dc;ZAPATA C;Milan;4;4;0;0.55
5;388;Dc;ALBIOL;Napoli;13;13;0;0.9
7;397;"M;C";ALLAN;Napoli;18;18;0;0.9
86;406;"W;A";CALLEJON;Napoli;25;25;0;0.9
105;640;Dc;CHIRICHES;Napoli;3;3;0;0.5
117;2845;Por;CONTINI N;Napoli;1;1;0;0
157;58;"M;C";DIAWARA;Napoli;10;10;0;0.7
213;390;"Ds;E";GHOULAM;Napoli;9;9;0;0.5
226;27;C;GRASSI;Napoli;9;9;0;0.75
231;402;"C;T";HAMSIK;Napoli;15;15;0;0.85
242;140;"Dd;Ds;E";HYSAJ;Napoli;10;10;0;0.9
251;123;Pc;INGLESE;Napoli;12;12;0;0.5
252;409;A;INSIGNE;Napoli;28;28;0;0.9
263;570;Por;KARNEZIS;Napoli;1;1;0;0
276;392;Dc;KOULIBALY;Napoli;17;17;0;0.9
308;393;"Ds;Dc";LUPERTO;Napoli;2;2;0;0
316;550;Dc;MAKSIMOVIC;Napoli;4;4;0;0.45
325;142;"Ds;E";MARIO RUI;Napoli;8;8;0;0.5
339;572;Por;MERET;Napoli;14;14;0;0.85
340;410;A;MERTENS;Napoli;32;32;0;0.8
343;2012;Pc;MILIK;Napoli;25;25;0;0.75
374;2195;A;OUNAS;Napoli;7;7;0;0.5
447;2076;"C;T";ROG;Napoli;5;5;0;0.45
457;2775;"C;T";RUIZ;Napoli;14;14;0;0.65
514;144;Dc;TONELLI;Napoli;6;6;0;0.4
529;376;"T;A";VERDI;Napoli;18;18;0;0.7
544;2776;A;YOUNES;Napoli;3;3;0;0
551;152;"C;T";ZIELINSKI;Napoli;14;14;0;0.8
25;2805;A;BARAYE;Parma;5;5;0;0
28;2802;C;BARILLA';Parma;2;2;0;0
74;1864;Dc;BRUNO ALVES;Parma;5;5;0;0.6
81;2806;Pc;CALAIO';Parma;1;1;0;0.6
100;2246;Pc;CERAVOLO;Parma;10;10;0;0.8
107;2243;"W;T";CICIRETTI;Parma;14;14;0;0.45
133;2807;A;DA CRUZ;Parma;5;5;0;0
151;400;C;DEZI;Parma;5;5;0;0
152;2800;Dc;DI CESARE;Parma;3;3;0;0
154;81;"W;A";DI GAUDIO;Parma;4;4;0;0.85
161;254;"Ds;E";DIMARCO;Parma;5;5;0;0
162;2798;Por;DINI;Parma;1;1;0;0
199;2799;Por;FRATTALI;Parma;1;1;0;0
206;73;"Ds;Dc";GAGLIOLO;Parma;7;7;0;0
210;519;"Dd;E";GAZZOLA;Parma;5;5;0;0.5
215;105;"Ds;E";GOBBI;Parma;2;2;0;0.75
243;2801;"Dd;Dc";IACOPONI;Parma;3;3;0;0
355;1875;"M;C";MUNARI;Parma;1;1;0;0
441;438;C;RIGONI L;Parma;7;7;0;0.7
471;2803;C;SCAVONE;Parma;2;2;0;0
474;2804;"M;C";SCOZZARELLA;Parma;2;2;0;0
478;159;Por;SEPE;Parma;6;6;0;0.2
480;637;A;SILIGARDI;Parma;7;7;0;0
502;2778;"M;C";STULAC;Parma;5;5;0;0.9
55;2783;Dc;BIANDA;Roma;1;1;0;0
118;2780;"C;T";CORIC;Roma;3;3;0;0.5
125;779;"C;T";CRISTANTE;Roma;18;18;0;0.9
141;463;"M;C";DE ROSSI;Roma;8;8;0;0.75
176;647;Pc;DZEKO;Roma;35;35;0;0.9
179;795;A;EL SHAARAWY;Roma;16;16;0;0.75
192;2016;Dc;FAZIO;Roma;11;11;0;0.85
197;464;"Dd;E";FLORENZI;Roma;14;14;0;0.9
203;2781;Por;FUZATO;Roma;1;1;0;0
221;2193;"M;C";GONALONS;Roma;4;4;0;0.5
259;256;"Ds;Dc";JUAN JESUS;Roma;7;7;0;0.7
264;2180;"Dd;E";KARSDORP;Roma;6;6;0;0
271;2779;A;KLUIVERT;Roma;18;18;0;0.7
272;2214;"Ds;E";KOLAROV;Roma;17;17;0;0.9
320;459;Dc;MANOLAS;Roma;12;12;0;0.9
321;2782;Dc;MARCANO;Roma;7;7;0;0
348;41;Por;MIRANTE;Roma;1;1;0;0.9
370;2836;Por;OLSEN;Roma;14;14;0;0.9
387;2378;"C;T";PASTORE;Roma;23;23;0;0.8
394;530;C;PELLEGRINI;Roma;13;13;0;0.7
395;2728;"Ds;E";PELLEGRINI LU;Roma;3;3;0;0
402;237;"W;T";PEROTTI;Roma;17;17;0;0.65
439;2852;"C;T";RICCARDI;Roma;1;1;0;0
465;262;"Dd;Ds;E";SANTON;Roma;4;4;0;0.4
473;1974;Pc;SCHICK;Roma;16;16;0;0.65
500;470;"M;C";STROOTMAN;Roma;12;12;0;0.75
518;2201;A;UNDER;Roma;22;22;0;0.85
528;215;"W;A";VERDE;Roma;2;2;0;0.45
547;2766;"C;T";ZANIOLO;Roma;1;1;0;
8;2320;Dc;ANDERSEN;Sampdoria;6;6;0;0.3
18;761;Por;AUDERO;Sampdoria;9;9;0;0.9
29;494;"M;C";BARRETO E;Sampdoria;6;6;0;0.7
36;2846;"C;T";BAUMGARTNER;Sampdoria;1;1;0;0.3
39;720;Por;BELEC;Sampdoria;1;1;0;0.3
47;2104;"Dd;E";BERESZYNSKI;Sampdoria;7;7;0;0.65
90;173;"M;C";CAPEZZI;Sampdoria;5;5;0;0.3
91;1958;"T;A";CAPRARI;Sampdoria;11;11;0;0.65
113;2784;Dc;COLLEY;Sampdoria;7;7;0;0.9
145;643;Pc;DEFREL;Sampdoria;19;19;0;0.5
186;2134;Por;FALCONE;Sampdoria;1;1;0;0
194;45;"Dd;Dc";FERRARI A;Sampdoria;5;5;0;0.8
256;1987;C;JANKTO;Sampdoria;15;15;0;0.9
260;2797;"Ds;E";JUNIOR TAVARES;Sampdoria;3;3;0;0
277;2198;Pc;KOWNACKI;Sampdoria;11;11;0;0.65
295;2300;Dc;LEVERBE;Sampdoria;1;1;0;0
296;2008;C;LINETTY;Sampdoria;6;6;0;0.8
357;1868;"Ds;E";MURRU;Sampdoria;6;6;0;0
392;2785;"M;C";PEETERS;Sampdoria;1;1;0;0
419;2065;"C;T";PRAET;Sampdoria;10;10;0;0.8
425;568;Pc;QUAGLIARELLA;Sampdoria;27;27;0;0.9
431;386;Por;RAFAEL CABRAL;Sampdoria;1;1;0;0.4
433;2287;T;RAMIREZ;Sampdoria;14;14;0;0.7
437;490;"Ds;Dc";REGINI;Sampdoria;3;3;0;0.5
458;630;"Dd;E";SALA;Sampdoria;3;3;0;0.5
481;492;Dc;SILVESTRE;Sampdoria;7;7;0;0
483;2129;Dc;SIMIC L;Sampdoria;2;2;0;0
497;2732;"W;A";STIJEPOVIC;Sampdoria;1;1;0;0
515;1970;Por;TOZZO;Sampdoria;1;1;0;0
531;600;C;VERRE;Sampdoria;2;2;0;0.45
3;824;"Dd;E";ADJAPONG;Sassuolo;3;3;0;0.6
20;183;Pc;BABACAR;Sassuolo;13;13;0;0.75
45;531;A;BERARDI;Sassuolo;17;17;0;0.85
60;771;"T;A";BOATENG;Sassuolo;18;18;0;0.9
61;2832;"T;A";BOGA;Sassuolo;8;8;0;0.55
68;2825;C;BOURABIA;Sassuolo;5;5;0;0
94;2213;C;CASSATA;Sassuolo;2;2;0;0.45
115;509;Por;CONSIGLI;Sassuolo;9;9;0;0.9
147;517;"Ds;Dc";DELL'ORCO;Sassuolo;5;5;0;0.5
153;1857;"W;A";DI FRANCESCO F;Sassuolo;16;16;0;0.8
167;1995;T;DJURICIC;Sassuolo;5;5;0;0.75
173;526;"M;C";DUNCAN;Sassuolo;9;9;0;0.75
195;1895;Dc;FERRARI G;Sassuolo;8;8;0;0.9
200;2848;C;FRATTESI;Sassuolo;1;1;0;0.3
293;2594;Dc;LEMOS;Sassuolo;7;7;0;0.5
294;2015;"Dd;Dc";LETSCHERT;Sassuolo;3;3;0;0.3
297;2006;"Dd;E";LIROLA;Sassuolo;6;6;0;0.85
312;528;"M;C";MAGNANELLI;Sassuolo;5;5;0;0.85
313;2769;Dc;MAGNANI;Sassuolo;2;2;0;0
329;380;Pc;MATRI;Sassuolo;3;3;0;0.55
349;529;C;MISSIROLI;Sassuolo;6;6;0;0.85
367;2765;Pc;ODGAARD;Sassuolo;1;1;0;0
393;510;Por;PEGOLO;Sassuolo;1;1;0;0.3
397;521;"Ds;Dc";PELUSO;Sassuolo;4;4;0;0.7
432;2073;A;RAGUSA;Sassuolo;2;2;0;0
440;2013;A;RICCI;Sassuolo;2;2;0;0
448;2318;"Ds;E";ROGERIO;Sassuolo;4;4;0;0.45
468;2127;Por;SATALINO;Sassuolo;1;1;0;0
470;2137;Pc;SCAMACCA;Sassuolo;1;1;0;0.3
477;1978;"M;C";SENSI;Sassuolo;7;7;0;0.65
479;2847;"Dd;Ds;Dc";SERNICOLA;Sassuolo;1;1;0;0
516;789;Pc;TROTTA;Sassuolo;8;8;0;0.65
13;2267;Pc;ANTENUCCI;SPAL;24;24;0;0.9
111;780;Dc;CIONEK;SPAL;9;9;0;0.5
120;817;"Ds;E";COSTA F;SPAL;4;4;0;0.7
158;2787;"Dd;E";DICKMANN;SPAL;2;2;0;0
166;2831;Dc;DJOUROU;SPAL;8;8;0;0.8
182;2652;"M;C";EVERTON LUIZ;SPAL;7;7;0;0.6
189;633;E;FARES;SPAL;6;6;0;0.8
193;708;Dc;FELIPE;SPAL;6;6;0;0.85
196;533;Pc;FLOCCARI;SPAL;5;5;0;0.45
220;540;Por;GOMIS A;SPAL;1;1;0;0.3
265;2850;"E;C";KATUMA;SPAL;1;1;0;0
273;2216;"Ds;E";KONATE;SPAL;1;1;0;0.35
283;28;"C;T";KURTIC;SPAL;9;9;0;0.9
292;2263;E;LAZZARI M;SPAL;12;12;0;0.9
345;2170;Por;MILINKOVIC-SAVIC V;SPAL;8;8;0;0.3
351;2853;Pc;MONCINI;SPAL;3;3;0;0.5
381;126;Pc;PALOSCHI;SPAL;12;12;0;0.6
404;383;Pc;PETAGNA;SPAL;14;14;0;0.85
417;2256;Por;POLUZZI;SPAL;1;1;0;0
459;491;Dc;SALAMON;SPAL;4;4;0;0.6
472;2265;C;SCHIATTARELLA;SPAL;3;3;0;0.75
520;2212;Dc;VAISANEN;SPAL;2;2;0;0.35
523;2274;"C;T";VALOTI;SPAL;5;5;0;0.6
533;2261;Dc;VICARI;SPAL;4;4;0;0.9
536;726;C;VITALE;SPAL;1;1;0;0.3
538;631;"M;C";VIVIANI;SPAL;10;10;0;0.9
2;555;"M;C";ACQUAH;Torino;4;4;0;0.55
12;706;"Dd;Ds;E";ANSALDI;Torino;12;12;0;0.85
32;556;C;BASELLI;Torino;9;9;0;0.9
40;441;Pc;BELOTTI;Torino;29;29;0;0.9
46;2205;W;BERENGUER;Torino;5;5;0;0.55
63;2192;Dc;BONIFAZI;Torino;3;3;0;0.5
69;2788;Dc;BREMER;Torino;4;4;0;0
136;2849;Pc;DAMASCAN;Torino;1;1;0;0
143;487;"Dd;E";DE SILVESTRI;Torino;14;14;0;0.85
178;1839;A;EDERA;Torino;4;4;0;0.45
244;475;A;IAGO FALQUE;Torino;26;26;0;0.9
246;542;Por;ICHAZO;Torino;1;1;0;0
254;226;"Dd;Dc";IZZO;Torino;10;10;0;0.9
298;478;"T;A";LJAJIC;Torino;16;16;0;0.8
306;2009;C;LUKIC;Torino;2;2;0;0
309;2171;Dc;LYANCO;Torino;6;6;0;0
338;2789;"M;C";MEITE';Torino;3;3;0;0.65
353;552;"Ds;Dc";MORETTI;Torino;3;3;0;0.55
360;2288;Dc;N'KOULOU;Torino;12;12;0;0.9
363;382;A;NIANG;Torino;12;12;0;0.65
366;560;"E;M";OBI;Torino;6;6;0;0.6
383;1982;"W;A";PARIGINI;Torino;7;7;0;0.45
443;238;"M;C";RINCON;Torino;8;8;0;0.9
453;2790;Por;ROSATI;Torino;1;1;0;0
485;2179;Por;SIRIGU;Torino;11;11;0;0.9
521;405;C;VALDIFIORI;Torino;2;2;0;0.45
4;575;"Ds;E";ADNAN;Udinese;3;3;0;0.75
11;1984;Dc;ANGELLA;Udinese;3;3;0;0
21;589;"M;C";BADU;Udinese;5;5;0;0
22;813;C;BALIC;Udinese;3;3;0;0.45
24;2172;"C;T";BARAK;Udinese;15;15;0;0.85
38;2302;"M;C";BEHRAMI;Udinese;4;4;0;0.75
67;2331;Por;BORSELLINI;Udinese;1;1;0;0
121;2144;C;COULIBALY;Udinese;1;1;0;0
137;578;Dc;DANILO;Udinese;8;8;0;0.9
139;1996;"W;T";DE PAUL;Udinese;17;17;0;0.85
183;1988;A;EWANDRO;Udinese;4;4;0;0
198;1986;"M;C";FOFANA;Udinese;10;10;0;0.7
230;626;"M;C";HALLFREDSSON;Udinese;4;4;0;0.75
238;583;Dc;HEURTAUX;Udinese;2;2;0;0.45
250;2191;"C;W";INGELSSON;Udinese;1;1;0;0.45
288;90;Pc;LASAGNA;Udinese;22;22;0;0.9
311;2827;A;MACHIS;Udinese;12;12;0;0.65
318;1933;"M;C";MANDRAGORA;Udinese;11;11;0;0.9
341;2794;A;MICIN;Udinese;1;1;0;0.4
359;2792;Por;MUSSO;Udinese;8;8;0;0.8
365;2280;Dc;NUYTINCK;Udinese;5;5;0;0.9
372;2793;Dc;OPOKU;Udinese;3;3;0;0
407;770;"Ds;E";PEZZELLA GIU;Udinese;5;5;0;0.5
418;599;"M;C";PONTISSO;Udinese;1;1;0;0.3
424;2826;"W;A";PUSSETTO;Udinese;14;14;0;0.75
461;790;"Ds;Dc";SAMIR;Udinese;7;7;0;0.85
475;574;Por;SCUFFET;Udinese;1;1;0;0.4
501;2315;"Dd;Dc";STRYGER LARSEN;Udinese;7;7;0;0.85
508;2795;"Dd;E";TER AVEST;Udinese;3;3;0;0
539;2791;Pc;VIZEU;Udinese;9;9;0;0.75
542;587;Dc;WAGUE;Udinese;1;1;0;0
